"","ObjID","feature","Indiv","GE","box","form_vessel","Pos","Verz","Notiz","site"
"1",267,"07/1","/II-1:100",NA,"C1",NA,"0 unbekannt","11 c","horizontale Reihen aus Einstichen","02_Burials_Center"
"2",271,"07/1","/II-1:191",NA,"C1",NA,"0 unbekannt","11 c","Reihe von Einstichen","02_Burials_Center"
"3",273,"07/1","/II-1:62",NA,"C1","1","3 Oberteil","12","horizontale Reihen aus quardatischen knubben mit einstichen","02_Burials_Center"
"4",275,"07/1","/II-1:82",NA,"C1","1","3 Oberteil","12","horizontale Reihen aus quardatischen knubben mit einstichen","02_Burials_Center"
"5",276,"07/1","/II-1:83",NA,"C1","1","2 Rand","4","diagonale Pkt-Reihe/Kammeindrücke","02_Burials_Center"
"6",276,"07/1","/II-1:83",NA,"C1","1","3 Oberteil","12","horizontale Reihen aus quardatischen knubben mit einstichen","02_Burials_Center"
"7",277,"07/1","/II-1:87",NA,"C1",NA,"0 unbekannt","12","horizontale Reihen aus quardatischen knubben mit einstichen","02_Burials_Center"
"8",278,"07/1","/II-1:88",NA,"C1",NA,"0 unbekannt","11 b","horizontale Reihen aus Einstichen","02_Burials_Center"
"9",281,"07/1","/II-1:98",NA,"C1",NA,"0 unbekannt","11 b","horizontale Reihen aus Einstichen","02_Burials_Center"
"10",282,"07/1","/II-1.172",NA,"C1",NA,"0 unbekannt","11 f","reihe doppelter Einstiche","02_Burials_Center"
"11",288,"07/1","/II-3:1",NA,"C1",NA,"7 Unterteil","14","","02_Burials_Center"
"12",291,"07/1","/II-3:3",NA,"C1",NA,"0 unbekannt","13","","02_Burials_Center"
"13",299,"07/1","/II-4:21",NA,"C1",NA,"6 Bauch","1 a","","02_Burials_Center"
"14",299,"07/1","/II-4:21",NA,"C1",NA,"6 Bauch","1 e","horizontale Rillen mit zick-zack Kammeinstich darin, darüber diagone Rillen (Wiegeband?)","02_Burials_Center"
"15",299,"07/1","/II-4:21",NA,"C1",NA,"6 Bauch","10 b","","02_Burials_Center"
"16",300,"07/1","/II-4:22",NA,"C1","1c","6 Bauch","1 e","diagonale Rillen (Wiegeband?) unterm 2 Rand","02_Burials_Center"
"17",300,"07/1","/II-4:22",NA,"C1","1c","2 Rand","11 f","Punktmuster (evtl. kreuzförmig) am 2 Rand","02_Burials_Center"
"18",306,"07/1","/II-4:36-37",NA,"C1","1c","6 Bauch","1 a","","02_Burials_Center"
"19",306,"07/1","/II-4:36-37",NA,"C1","1c","2 Rand","1 a","","02_Burials_Center"
"20",306,"07/1","/II-4:36-37",NA,"C1","1c","2 Rand","11 f","doppelte Punktreihe/Einstiche unterm 2 Rand/darunter Rillen","02_Burials_Center"
"21",306,"07/1","/II-4:36-37",NA,"C1","1c","7 Unterteil","5 a","diagonale Rillen evtl. Reste des Wiegebands","02_Burials_Center"
"22",306,"07/1","/II-4:36-37",NA,"C1","1c","6 Bauch","7 b","unterm 2 Rand Rillen, darüber diagonales Wiegeband?, mittig darüber drei horizontale Rillen mit zick-zack Kammeinstich darin","02_Burials_Center"
"23",306,"07/1","/II-4:36-37",NA,"C1","1c","6 Bauch","8 a","","02_Burials_Center"
"24",307,"07/1","/II-4:38",NA,"C1",NA,"7 Unterteil","1 d","bogenförmige Rillen","02_Burials_Center"
"25",308,"07/1","/II-4:39",NA,"C1","1c","6 Bauch","1 a","","02_Burials_Center"
"26",308,"07/1","/II-4:39",NA,"C1","1c","2 Rand","11 f","doppelte Punktreihe/Einstiche unterm 2 Rand","02_Burials_Center"
"27",308,"07/1","/II-4:39",NA,"C1","1c","6 Bauch","8 a","unterm 2 Rand Rillen, darüber diagonales Wiegeband?, mittig darüber drei horizontale Rillen","02_Burials_Center"
"28",309,"07/1","/II-4:40",NA,"C1","1c","2 Rand","11 f","Punktmuster (evtl. kreuzförmig) am 2 Rand","02_Burials_Center"
"29",309,"07/1","/II-4:40",NA,"C1","1c","6 Bauch","8 a","diagonale Rillen (Wiegeband?) unterm 2 Rand","02_Burials_Center"
"30",310,"07/1","/II-4:41",NA,"C1","1c","6 Bauch","1 a","Reste horizontaler Rillen","02_Burials_Center"
"31",312,"07/1","/II-4:52",NA,"C1",NA,"0 unbekannt","14","","02_Burials_Center"
"32",316,"07/2","/I-2:1",NA,"C2",NA,"4 Hals","1 a","","02_Burials_Center"
"33",317,"07/2","/I-2:3",NA,"C2",NA,"6 Bauch","1 a","","02_Burials_Center"
"34",318,"07/2","/I-2:6",NA,"C2",NA,"0 unbekannt","1 a","","02_Burials_Center"
"35",319,"07/2","/I-3:1",NA,"C2",NA,"4 Hals","1 a","","02_Burials_Center"
"36",320,"07/2","/I-3:4",NA,"C2",NA,"0 unbekannt","1 a","","02_Burials_Center"
"37",322,"07/2","/II-1:15",NA,"C2",NA,"7 Unterteil","11 f","horizontale Rillen, auf der 'Wulst' Kammeindrücke (Pkt-Reihe), darunter Reihen aus Kammeindrücken/-stichen diagonal","02_Burials_Center"
"38",324,"07/2","/II-1:33",NA,"C2",NA,"2 Rand","4","Kammeinstiche/-drücke Fischgräte","02_Burials_Center"
"39",325,"07/2","/II-1:34",NA,"C2",NA,"7 Unterteil","11 f","horizontale Rillen, auf der 'Wulst' Kammeindrücke (Pkt-Reihe)","02_Burials_Center"
"40",326,"07/2","/II-1:35",NA,"C2",NA,"2 Rand","4","Kammeinstiche/-drücke Fischgräte","02_Burials_Center"
"41",326,"07/2","/II-1:35",NA,"C2",NA,"3 Oberteil","1 a","horizontale Rille","02_Burials_Center"
"42",327,"07/2","/II-1:4",NA,"C2","1","2 Rand","4","Kammeinstiche diagonal bzw überkreuzt","02_Burials_Center"
"43",327,"07/2","/II-1:4",NA,"C2","1","3 Oberteil","1 a","","02_Burials_Center"
"44",327,"07/2","/II-1:4",NA,"C2","1","3 Oberteil","10 a","horizontale Rillen/auf der 'Wulst' Kammeindrücke (Pkt-Reihe)","02_Burials_Center"
"45",328,"07/2","/II-1:5",NA,"C2","1","2 Rand","4","Kammeinstiche/-drücke Fischgräte","02_Burials_Center"
"46",328,"07/2","/II-1:5",NA,"C2","1","3 Oberteil","1 a","","02_Burials_Center"
"47",328,"07/2","/II-1:5",NA,"C2","1","3 Oberteil","10 a","horizontale Rillen/auf der 'Wulst' Kammeindrücke (Pkt-Reihe)","02_Burials_Center"
"48",329,"07/2","/II-1:6",NA,"C2","1","2 Rand","4","Kammeindtiche-/drücke","02_Burials_Center"
"49",330,"07/2","/II-1:65",NA,"C2",NA,"0 unbekannt","1 a","","02_Burials_Center"
"50",331,"07/2","/II-1:7",NA,"C2","1","2 Rand","4","Kammeinstiche/-drücke Fischgräte","02_Burials_Center"
"51",331,"07/2","/II-1:7",NA,"C2","1","3 Oberteil","1 a","","02_Burials_Center"
"52",331,"07/2","/II-1:7",NA,"C2","1","3 Oberteil","10 a","horizontale Rillen/auf der 'Wulst' Kammeindrücke (Pkt-Reihe)","02_Burials_Center"
"53",332,"07/2","/II-2:12",NA,"C2",NA,"6 Bauch","1 a","","02_Burials_Center"
"54",333,"07/2","/II-2:15",NA,"C2",NA,"7 Unterteil","11 f","horizontale Rillen, auf der 'Wulst' Kammeindrücke (Pkt-Reihe), darunter Reihen aus Kammeindrücken/-stichen Fischgräte und vertikal","02_Burials_Center"
"55",334,"07/2","/II-2:2 /II-3:2,57,62",NA,"C2","2","5 Schulter","4","","02_Burials_Center"
"56",334,"07/2","/II-2:2 /II-3:2,57,62",NA,"C2","2","3 Oberteil","1 a","","02_Burials_Center"
"57",334,"07/2","/II-2:2 /II-3:2,57,62",NA,"C2","2","6 Bauch","1 a","","02_Burials_Center"
"58",334,"07/2","/II-2:2 /II-3:2,57,62",NA,"C2","2","4 Hals","1 a","","02_Burials_Center"
"59",335,"07/2","/II-2:24",NA,"C2","1","2 Rand","4","Kammeinstiche/-drücke überkreuzt","02_Burials_Center"
"60",336,"07/2","/II-2:25",NA,"C2","1","2 Rand","4","Kammeinstiche diagonal bzw überkreuzt","02_Burials_Center"
"61",336,"07/2","/II-2:25",NA,"C2","1","3 Oberteil","1 a","horizontale Rillen","02_Burials_Center"
"62",337,"07/2","/II-2:26",NA,"C2","1","2 Rand","4","Kammeinstiche diagonal bzw überkreuzt","02_Burials_Center"
"63",337,"07/2","/II-2:26",NA,"C2","1","3 Oberteil","1 a","","02_Burials_Center"
"64",337,"07/2","/II-2:26",NA,"C2","1","3 Oberteil","10 a","horizontale Rillen/auf der 'Wulst' Kammeindrücke (Pkt-Reihe)","02_Burials_Center"
"65",338,"07/2","/II-2:27",NA,"C2",NA,"7 Unterteil","11 f","horizontale Rillen, auf der 'Wulst' Kammeindrücke (Pkt-Reihe)","02_Burials_Center"
"66",340,"07/2","/II-3:31",NA,"C2",NA,"0 unbekannt","1 a","","02_Burials_Center"
"67",341,"07/2","/II-3:4",NA,"C2","1","2 Rand","4","Kammeinstiche/-drücke überkreuzt","02_Burials_Center"
"68",341,"07/2","/II-3:4",NA,"C2","1","3 Oberteil","1 a","","02_Burials_Center"
"69",341,"07/2","/II-3:4",NA,"C2","1","3 Oberteil","10 a","horizontale Rillen/auf der 'Wulst' Kammeindrücke (Pkt-Reihe)","02_Burials_Center"
"70",342,"07/2","/II-3:58",NA,"C2",NA,"0 unbekannt","1 a","","02_Burials_Center"
"71",343,"07/2","/II-3:71",NA,"C2",NA,"7 Unterteil","11 f","horizontale Rillen, auf der 'Wulst' Kammeindrücke (Pkt-Reihe), darunter Reihen aus Kammeindrücken/-stichen diagonal","02_Burials_Center"
"72",344,"07/2","/II-3:72",NA,"C2",NA,"7 Unterteil","1 a","","02_Burials_Center"
"73",344,"07/2","/II-3:72",NA,"C2",NA,"7 Unterteil","11 f","horizontale Rillen, auf der 'Wulst' Kammeindrücke (Pkt-Reihe)","02_Burials_Center"
"74",345,"07/2","/II-3:73",NA,"C2",NA,"7 Unterteil","1 a","horizontale Rillen","02_Burials_Center"
"75",346,"07/2","/II-3:74",NA,"C2",NA,"7 Unterteil","11 f","horizontale Rillen, auf der 'Wulst' Kammeindrücke (Pkt-Reihe)","02_Burials_Center"
"76",347,"07/2","/II-3:86",NA,"C2",NA,"7 Unterteil","13","Reihen aus Kammeindrücken/-stichen Fischgräte","02_Burials_Center"
"77",348,"07/2","/II-4:1",NA,"C2",NA,"0 unbekannt","1 a","","02_Burials_Center"
"78",1656,"07/2","/I-1:21",NA,"2",NA,"1 Innen","1 a","","02_Burials_Center"
"79",1657,"07/1","/II-1:10, 89, 91, 97, 99, 102, II-2:32, 88","A","1",NA,"2 Rand","1 a","","02_Burials_Center"
"80",1657,"07/1","/II-1:10, 89, 91, 97, 99, 102, II-2:32, 88","A","1",NA,"4 Hals","10 a","Leiste mit einstichen auf Leiste (10a)","02_Burials_Center"
"81",1658,"07/2","/II-2:8, II-3: 51, 59, 66",NA,"2",NA,"4 Hals","12","plastische Leiste; teilw unterbrochen als Knubben","02_Burials_Center"
"82",1658,"07/2","/II-2:8, II-3: 51, 59, 66",NA,"2",NA,"5 Schulter","1 a","","02_Burials_Center"
"83",1658,"07/2","/II-2:8, II-3: 51, 59, 66",NA,"2",NA,"5 Schulter","1 b","","02_Burials_Center"
"84",1659,"07/2","/I-1:1, 2, 27, 33, II-3:55",NA,"2",NA,"5 Schulter","1 a","diagonal","02_Burials_Center"
"85",1659,"07/2","/I-1:1, 2, 27, 33, II-3:55",NA,"2",NA,"4 Hals","1 a","","02_Burials_Center"
"86",1659,"07/2","/I-1:1, 2, 27, 33, II-3:55",NA,"2",NA,"5 Schulter","1 a","","02_Burials_Center"
"87",1659,"07/2","/I-1:1, 2, 27, 33, II-3:55",NA,"2",NA,"5 Schulter","1 b","","02_Burials_Center"
"88",1661,"07/2","/II-1:1, II-2:1 usw.",NA,"2","2d","5 Schulter","2","liefert kl Knubben","02_Burials_Center"
"89",1661,"07/2","/II-1:1, II-2:1 usw.",NA,"2","2d","4 Hals","4","","02_Burials_Center"
"90",1661,"07/2","/II-1:1, II-2:1 usw.",NA,"2","2d","1 Innen","4","","02_Burials_Center"
"91",1661,"07/2","/II-1:1, II-2:1 usw.",NA,"2","2d","2 Rand","4","","02_Burials_Center"
"92",1661,"07/2","/II-1:1, II-2:1 usw.",NA,"2","2d","5 Schulter","1 a","","02_Burials_Center"
"93",1664,"07/1","/II-1:9, 86, 93","A","1",NA,"5 Schulter","4","fein","02_Burials_Center"
"94",1664,"07/1","/II-1:9, 86, 93","A","1",NA,"5 Schulter","1 a","","02_Burials_Center"
"95",1685,"07/2","/II-2:5",NA,"2","1c","3 Oberteil","1 a","","02_Burials_Center"
"96",1691,"07/1","/II-4:35-37,41","1-2","1","1c","2 Rand","4","","02_Burials_Center"
"97",1691,"07/1","/II-4:35-37,41","1-2","1","1c","3 Oberteil","8 a","Wiegeband/Klinge","02_Burials_Center"
"98",1691,"07/1","/II-4:35-37,41","1-2","1","1c","3 Oberteil","1 a","","02_Burials_Center"
"99",1691,"07/1","/II-4:35-37,41","1-2","1","1c","7 Unterteil","1 d","bogen","02_Burials_Center"
"100",1691,"07/1","/II-4:35-37,41","1-2","1","1c","3 Oberteil","7 a","mit Kamm","02_Burials_Center"
"101",1717,"07/1","G (1)",NA,"1","5","6 Bauch","2","fein","02_Burials_Center"
"102",1732,"07/2","/I-1:4 usw.",NA,"2","3c","3 Oberteil","14","","02_Burials_Center"
"103",349,"07/3","-1:70<U+0096>93","3-1","C3-2","1a","2 Rand","16","","03_Burials_Church"
"104",349,"07/3","-1:70<U+0096>93","3-1","C3-2","1a","2 Rand","1 a","","03_Burials_Church"
"105",349,"07/3","-1:70<U+0096>93","3-1","C3-2","1a","3 Oberteil","1 a","","03_Burials_Church"
"106",349,"07/3","-1:70<U+0096>93","3-1","C3-2","1a","3 Oberteil","1 b","","03_Burials_Church"
"107",349,"07/3","-1:70<U+0096>93","3-1","C3-2","1a","3 Oberteil","10 b","","03_Burials_Church"
"108",349,"07/3","-1:70<U+0096>93","3-1","C3-2","1a","7 Unterteil","5 a","","03_Burials_Church"
"109",350,"07/3","-1:425<U+0096>431","3-3","C3-2","1a","3 Oberteil","4","17mm horizontale Rillen/darutner 2 Rillen/13mm diagonale Kammeindrücke/darunter 2 Rillen","03_Burials_Church"
"110",350,"07/3","-1:425<U+0096>431","3-3","C3-2","1a","2 Rand","4","3 Rillen/13mm diagonale Kammeindrücke/darunter 2 Rillen","03_Burials_Church"
"111",350,"07/3","-1:425<U+0096>431","3-3","C3-2","1a","3 Oberteil","9","","03_Burials_Church"
"112",350,"07/3","-1:425<U+0096>431","3-3","C3-2","1a","2 Rand","1 a","","03_Burials_Church"
"113",350,"07/3","-1:425<U+0096>431","3-3","C3-2","1a","3 Oberteil","1 a","","03_Burials_Church"
"114",350,"07/3","-1:425<U+0096>431","3-3","C3-2","1a","7 Unterteil","5 a","","03_Burials_Church"
"115",351,"07/3","-1:34<U+0096>37","3-4","C3-1","1a","3 Oberteil","2","","03_Burials_Church"
"116",351,"07/3","-1:34<U+0096>37","3-4","C3-1","1a","2 Rand","2","","03_Burials_Church"
"117",351,"07/3","-1:34<U+0096>37","3-4","C3-1","1a","3 Oberteil","16","","03_Burials_Church"
"118",351,"07/3","-1:34<U+0096>37","3-4","C3-1","1a","2 Rand","1 a","","03_Burials_Church"
"119",351,"07/3","-1:34<U+0096>37","3-4","C3-1","1a","3 Oberteil","1 a","","03_Burials_Church"
"120",351,"07/3","-1:34<U+0096>37","3-4","C3-1","1a","3 Oberteil","1 b","","03_Burials_Church"
"121",351,"07/3","-1:34<U+0096>37","3-4","C3-1","1a","7 Unterteil","5 a","","03_Burials_Church"
"122",353,"07/3","-1:278<U+0096>306","3-9","C3-1","1a","0 unbekannt","2","horizontale Rillen/dazwischen 22mm Fischgräten + vertikale Ritzmuster","03_Burials_Church"
"123",353,"07/3","-1:278<U+0096>306","3-9","C3-1","1a","3 Oberteil","3","","03_Burials_Church"
"124",353,"07/3","-1:278<U+0096>306","3-9","C3-1","1a","3 Oberteil","16","2","03_Burials_Church"
"125",353,"07/3","-1:278<U+0096>306","3-9","C3-1","1a","3 Oberteil","1 a","","03_Burials_Church"
"126",353,"07/3","-1:278<U+0096>306","3-9","C3-1","1a","7 Unterteil","5 a","","03_Burials_Church"
"127",353,"07/3","-1:278<U+0096>306","3-9","C3-1","1a","3 Oberteil","8 b","2 Löcher/unterm 2 Rand 3 Rillen/25mm Fischgrätenmuster + vertikale Ritzlinien/darunter 6 Rillen/20mm Kreuzmuster","03_Burials_Church"
"128",355,"07/3","-1:148<U+0096>192","3-5","C3-1","1a","2 Rand","2","","03_Burials_Church"
"129",355,"07/3","-1:148<U+0096>192","3-5","C3-1","1a","3 Oberteil","2","","03_Burials_Church"
"130",355,"07/3","-1:148<U+0096>192","3-5","C3-1","1a","3 Oberteil","16","","03_Burials_Church"
"131",355,"07/3","-1:148<U+0096>192","3-5","C3-1","1a","2 Rand","1 a","","03_Burials_Church"
"132",355,"07/3","-1:148<U+0096>192","3-5","C3-1","1a","3 Oberteil","1 a","","03_Burials_Church"
"133",355,"07/3","-1:148<U+0096>192","3-5","C3-1","1a","2 Rand","1 b","","03_Burials_Church"
"134",355,"07/3","-1:148<U+0096>192","3-5","C3-1","1a","3 Oberteil","1 b","","03_Burials_Church"
"135",356,"07/3","-1:2<U+0096>6","3-6","C3-2","1a","3 Oberteil","2","","03_Burials_Church"
"136",356,"07/3","-1:2<U+0096>6","3-6","C3-2","1a","3 Oberteil","6","","03_Burials_Church"
"137",356,"07/3","-1:2<U+0096>6","3-6","C3-2","1a","3 Oberteil","16","","03_Burials_Church"
"138",356,"07/3","-1:2<U+0096>6","3-6","C3-2","1a","3 Oberteil","1 a","","03_Burials_Church"
"139",356,"07/3","-1:2<U+0096>6","3-6","C3-2","1a","2 Rand","1 a","","03_Burials_Church"
"140",356,"07/3","-1:2<U+0096>6","3-6","C3-2","1a","3 Oberteil","1 b","","03_Burials_Church"
"141",356,"07/3","-1:2<U+0096>6","3-6","C3-2","1a","7 Unterteil","5 a","","03_Burials_Church"
"142",358,"07/3","-1:125<U+0096>130","3-7","C3-2","1a","3 Oberteil","4","","03_Burials_Church"
"143",358,"07/3","-1:125<U+0096>130","3-7","C3-2","1a","3 Oberteil","1 a","","03_Burials_Church"
"144",358,"07/3","-1:125<U+0096>130","3-7","C3-2","1a","2 Rand","1 a","","03_Burials_Church"
"145",358,"07/3","-1:125<U+0096>130","3-7","C3-2","1a","7 Unterteil","5 a","","03_Burials_Church"
"146",358,"07/3","-1:125<U+0096>130","3-7","C3-2","1a","2 Rand","7 b","","03_Burials_Church"
"147",360,"07/3","-1:200<U+0096>236","3-11","C3-1","1a","3 Oberteil","2","","03_Burials_Church"
"148",360,"07/3","-1:200<U+0096>236","3-11","C3-1","1a","2 Rand","1 a","","03_Burials_Church"
"149",360,"07/3","-1:200<U+0096>236","3-11","C3-1","1a","3 Oberteil","1 a","","03_Burials_Church"
"150",362,"07/3","-1:307<U+0096>327","3-2","C3-1","1a","3 Oberteil","2","","03_Burials_Church"
"151",362,"07/3","-1:307<U+0096>327","3-2","C3-1","1a","3 Oberteil","1 a","","03_Burials_Church"
"152",362,"07/3","-1:307<U+0096>327","3-2","C3-1","1a","7 Unterteil","5 a","","03_Burials_Church"
"153",363,"07/3","-1:45<U+0096>53","3-13","C3-2","1a","2 Rand","2","","03_Burials_Church"
"154",363,"07/3","-1:45<U+0096>53","3-13","C3-2","1a","3 Oberteil","4","","03_Burials_Church"
"155",363,"07/3","-1:45<U+0096>53","3-13","C3-2","1a","2 Rand","1 a","","03_Burials_Church"
"156",363,"07/3","-1:45<U+0096>53","3-13","C3-2","1a","3 Oberteil","1 a","","03_Burials_Church"
"157",363,"07/3","-1:45<U+0096>53","3-13","C3-2","1a","3 Oberteil","1 b","","03_Burials_Church"
"158",363,"07/3","-1:45<U+0096>53","3-13","C3-2","1a","2 Rand","1 b","","03_Burials_Church"
"159",363,"07/3","-1:45<U+0096>53","3-13","C3-2","1a","7 Unterteil","5 a","","03_Burials_Church"
"160",365,"07/3","-1:1","3-12","C3-1","1a","3 Oberteil","2","","03_Burials_Church"
"161",365,"07/3","-1:1","3-12","C3-1","1a","3 Oberteil","16","2","03_Burials_Church"
"162",365,"07/3","-1:1","3-12","C3-1","1a","2 Rand","1 a","","03_Burials_Church"
"163",365,"07/3","-1:1","3-12","C3-1","1a","3 Oberteil","1 a","2 Löcher/15mm Bereich mit Kreuzmuster/darunter horizontale Rillen","03_Burials_Church"
"164",365,"07/3","-1:1","3-12","C3-1","1a","7 Unterteil","5 a","","03_Burials_Church"
"165",430,"07/3","-1:336","3-10","C3-1","1a","3 Oberteil","4","","03_Burials_Church"
"166",430,"07/3","-1:336","3-10","C3-1","1a","3 Oberteil","16","2","03_Burials_Church"
"167",430,"07/3","-1:336","3-10","C3-1","1a","2 Rand","1 a","horizontale Rillen","03_Burials_Church"
"168",430,"07/3","-1:336","3-10","C3-1","1a","3 Oberteil","1 a","2 Löcher/15mm Bereich mit Kammeindruck + Zick-zack Ritzlinien/horizontale Rillen/unterbrochen von vertiaklem Kammeindrücken","03_Burials_Church"
"169",430,"07/3","-1:336","3-10","C3-1","1a","2 Rand","10 a","","03_Burials_Church"
"170",430,"07/3","-1:336","3-10","C3-1","1a","3 Oberteil","7 a","","03_Burials_Church"
"171",430,"07/3","-1:336","3-10","C3-1","1a","3 Oberteil","7 a","","03_Burials_Church"
"172",452,"07/4","-1:1<U+0096>25","4-1","C4","1a","2 Rand","2","","03_Burials_Church"
"173",452,"07/4","-1:1<U+0096>25","4-1","C4","1a","3 Oberteil","2","7 Rillen/mit kl Einstichen (Fischgräte)/20mm Kreuzmuster","03_Burials_Church"
"174",452,"07/4","-1:1<U+0096>25","4-1","C4","1a","2 Rand","4","2 Rillen/20mm Kreuzmuster/von vertikalem Kammeindruck unterbrochen","03_Burials_Church"
"175",452,"07/4","-1:1<U+0096>25","4-1","C4","1a","2 Rand","1 a","","03_Burials_Church"
"176",452,"07/4","-1:1<U+0096>25","4-1","C4","1a","3 Oberteil","1 a","7","03_Burials_Church"
"177",452,"07/4","-1:1<U+0096>25","4-1","C4","1a","3 Oberteil","10 b","","03_Burials_Church"
"178",452,"07/4","-1:1<U+0096>25","4-1","C4","1a","7 Unterteil","5 b","","03_Burials_Church"
"179",454,"07/5","-1:1<U+0096>13 -2:1<U+0096>2","5-1","C5","1a","3 Oberteil","2","","03_Burials_Church"
"180",454,"07/5","-1:1<U+0096>13 -2:1<U+0096>2","5-1","C5","1a","2 Rand","1 a","","03_Burials_Church"
"181",454,"07/5","-1:1<U+0096>13 -2:1<U+0096>2","5-1","C5","1a","3 Oberteil","1 a","horizontale Rillen","03_Burials_Church"
"182",455,"07/5","-1:14<U+0096>23 -2:4<U+0096>9","5-2","C5","1a","2 Rand","1 a","","03_Burials_Church"
"183",455,"07/5","-1:14<U+0096>23 -2:4<U+0096>9","5-2","C5","1a","3 Oberteil","1 a","","03_Burials_Church"
"184",462,"07/5","-2:11<U+0096>34","5-3","C5","1a","3 Oberteil","2","","03_Burials_Church"
"185",462,"07/5","-2:11<U+0096>34","5-3","C5","1a","2 Rand","1 a","","03_Burials_Church"
"186",462,"07/5","-2:11<U+0096>34","5-3","C5","1a","3 Oberteil","1 a","10 horizontale Rillen/darunter 20mm breiter Streifen mit Kreuzmuster","03_Burials_Church"
"187",462,"07/5","-2:11<U+0096>34","5-3","C5","1a","7 Unterteil","5 a","diagonale Ritzlinien ca. 30mm Abstand","03_Burials_Church"
"188",476,"07/6","-1:28,42<U+0096>45 -2:164<U+0096>165,173<U+0096>184","6-5","C6","1a","3 Oberteil","2","","03_Burials_Church"
"189",476,"07/6","-1:28,42<U+0096>45 -2:164<U+0096>165,173<U+0096>184","6-5","C6","1a","3 Oberteil","1 a","","03_Burials_Church"
"190",476,"07/6","-1:28,42<U+0096>45 -2:164<U+0096>165,173<U+0096>184","6-5","C6","1a","7 Unterteil","5 a","","03_Burials_Church"
"191",477,"07/6","-1:1<U+0096>7 -2:37<U+0096>70 -3:39","6-2","C6","1a","3 Oberteil","2","","03_Burials_Church"
"192",477,"07/6","-1:1<U+0096>7 -2:37<U+0096>70 -3:39","6-2","C6","1a","2 Rand","1 a","","03_Burials_Church"
"193",477,"07/6","-1:1<U+0096>7 -2:37<U+0096>70 -3:39","6-2","C6","1a","3 Oberteil","1 a","","03_Burials_Church"
"194",477,"07/6","-1:1<U+0096>7 -2:37<U+0096>70 -3:39","6-2","C6","1a","7 Unterteil","5 a","","03_Burials_Church"
"195",478,"07/6","-1:12<U+0096>18 -2:71<U+0096>82,101<U+0096>148","6-3","C6","1a","2 Rand","1 a","","03_Burials_Church"
"196",478,"07/6","-1:12<U+0096>18 -2:71<U+0096>82,101<U+0096>148","6-3","C6","1a","3 Oberteil","1 a","","03_Burials_Church"
"197",487,"07/6","-2:1<U+0096>4,13<U+0096>36","6-1","C6","1a","3 Oberteil","2","","03_Burials_Church"
"198",487,"07/6","-2:1<U+0096>4,13<U+0096>36","6-1","C6","1a","3 Oberteil","1 a","","03_Burials_Church"
"199",487,"07/6","-2:1<U+0096>4,13<U+0096>36","6-1","C6","1a","2 Rand","1 a","","03_Burials_Church"
"200",487,"07/6","-2:1<U+0096>4,13<U+0096>36","6-1","C6","1a","3 Oberteil","11 a","","03_Burials_Church"
"201",487,"07/6","-2:1<U+0096>4,13<U+0096>36","6-1","C6","1a","7 Unterteil","5 a","","03_Burials_Church"
"202",523,"07/7","-1:1<U+0096>3 -3:1<U+0096>3,6,33<U+0096>42","7-20","C7-1","2b","6 Bauch","8 b","3 vertikale Ritzlinien (evtl. rezent)","03_Burials_Church"
"203",524,"07/7","-2:1<U+0096>3","7-1","C7-1","1a","3 Oberteil","4","","03_Burials_Church"
"204",524,"07/7","-2:1<U+0096>3","7-1","C7-1","1a","3 Oberteil","16","2","03_Burials_Church"
"205",524,"07/7","-2:1<U+0096>3","7-1","C7-1","1a","2 Rand","1 a","2 Rillen/16mm diagonel Ritzlinien","03_Burials_Church"
"206",524,"07/7","-2:1<U+0096>3","7-1","C7-1","1a","3 Oberteil","1 a","2 Löcher/6 Rillen","03_Burials_Church"
"207",524,"07/7","-2:1<U+0096>3","7-1","C7-1","1a","7 Unterteil","5 b","diagonale, Doppelrillen","03_Burials_Church"
"208",525,"07/7","-2:1 -3:2,41<U+0096>65","7-21","C7-1",NA,"0 unbekannt","2","horizontale Rillen/unterbrochen von vertikalen Ritzlinien/darunter 18mm diagonale Kammeindrücke/darunter diagonale/sich überkreuzende Ritzlinien","03_Burials_Church"
"209",525,"07/7","-2:1 -3:2,41<U+0096>65","7-21","C7-1",NA,"0 unbekannt","4","","03_Burials_Church"
"210",525,"07/7","-2:1 -3:2,41<U+0096>65","7-21","C7-1",NA,"0 unbekannt","1 a","","03_Burials_Church"
"211",525,"07/7","-2:1 -3:2,41<U+0096>65","7-21","C7-1",NA,"0 unbekannt","1 b","","03_Burials_Church"
"212",530,"07/7","-3:1<U+0096>3","7-2","C7-1","1a","3 Oberteil","16","2","03_Burials_Church"
"213",530,"07/7","-3:1<U+0096>3","7-2","C7-1","1a","2 Rand","1 a","","03_Burials_Church"
"214",530,"07/7","-3:1<U+0096>3","7-2","C7-1","1a","3 Oberteil","1 a","2 Löcher/8 Rillen/darunter 15mm freies Feld","03_Burials_Church"
"215",530,"07/7","-3:1<U+0096>3","7-2","C7-1","1a","2 Rand","7 a","2 Rillen/15mm zick-zack Rillen/Ritzlinien","03_Burials_Church"
"216",544,"07/7","-4:1 -6:2<U+0096>9,12,15","7-3","Regal","2b","3 Oberteil","2","4 Rillen/überlagert von vertikalen Ritzlinien/20mm Kreuzmuster + zick-zack Rillen/5 Rillen/überlagert von vertikalen Ritzlinien/15mm Kreuzmuster + vertikale Kammeindrücke","03_Burials_Church"
"217",544,"07/7","-4:1 -6:2<U+0096>9,12,15","7-3","Regal","2b","2 Rand","1 a","","03_Burials_Church"
"218",544,"07/7","-4:1 -6:2<U+0096>9,12,15","7-3","Regal","2b","3 Oberteil","1 a","","03_Burials_Church"
"219",544,"07/7","-4:1 -6:2<U+0096>9,12,15","7-3","Regal","2b","3 Oberteil","7 a","4","03_Burials_Church"
"220",544,"07/7","-4:1 -6:2<U+0096>9,12,15","7-3","Regal","2b","2 Rand","7 a","2 Rillen/darunter zick-zack Rillen","03_Burials_Church"
"221",544,"07/7","-4:1 -6:2<U+0096>9,12,15","7-3","Regal","2b","3 Oberteil","8 a","","03_Burials_Church"
"222",545,"07/7","-3:5 -4.10<U+0096>12 -5:1<U+0096>5","7-4","C7-1","1a","3 Oberteil","2","","03_Burials_Church"
"223",545,"07/7","-3:5 -4.10<U+0096>12 -5:1<U+0096>5","7-4","C7-1","1a","2 Rand","1 a","","03_Burials_Church"
"224",545,"07/7","-3:5 -4.10<U+0096>12 -5:1<U+0096>5","7-4","C7-1","1a","3 Oberteil","1 a","","03_Burials_Church"
"225",545,"07/7","-3:5 -4.10<U+0096>12 -5:1<U+0096>5","7-4","C7-1","1a","7 Unterteil","5 a","","03_Burials_Church"
"226",545,"07/7","-3:5 -4.10<U+0096>12 -5:1<U+0096>5","7-4","C7-1","1a","3 Oberteil","8 b","","03_Burials_Church"
"227",552,"07/7","-6:1<U+0096>6 -7:194 -8:10","7-11","C7-2","1a","2 Rand","2","","03_Burials_Church"
"228",552,"07/7","-6:1<U+0096>6 -7:194 -8:10","7-11","C7-2","1a","2 Rand","4","","03_Burials_Church"
"229",552,"07/7","-6:1<U+0096>6 -7:194 -8:10","7-11","C7-2","1a","2 Rand","1 a","horizontale Rillen/überlagert von vertikalen Ritzlinien/Kreuzmuster/Kammeindrücke","03_Burials_Church"
"230",552,"07/7","-6:1<U+0096>6 -7:194 -8:10","7-11","C7-2","1a","2 Rand","8 b","","03_Burials_Church"
"231",553,"07/7","-6:8<U+0096>10 -7:202<U+0096>204 -8:13","7-16","C7-2","1a","2 Rand","2","","03_Burials_Church"
"232",553,"07/7","-6:8<U+0096>10 -7:202<U+0096>204 -8:13","7-16","C7-2","1a","2 Rand","16","","03_Burials_Church"
"233",553,"07/7","-6:8<U+0096>10 -7:202<U+0096>204 -8:13","7-16","C7-2","1a","2 Rand","1 a","","03_Burials_Church"
"234",553,"07/7","-6:8<U+0096>10 -7:202<U+0096>204 -8:13","7-16","C7-2","1a","3 Oberteil","1 a","","03_Burials_Church"
"235",553,"07/7","-6:8<U+0096>10 -7:202<U+0096>204 -8:13","7-16","C7-2","1a","7 Unterteil","5 a","","03_Burials_Church"
"236",555,"07/7","-6:5,13","7-19","C7-2","1a","3 Oberteil","2","","03_Burials_Church"
"237",555,"07/7","-6:5,13","7-19","C7-2","1a","3 Oberteil","1 a","","03_Burials_Church"
"238",555,"07/7","-6:5,13","7-19","C7-2","1a","3 Oberteil","8 b","horizontale Rillen/unten diagonale Ritzlinien","03_Burials_Church"
"239",557,"07/7","-6:16<U+0096>20 -7:192,205 -8:5,17<U+0096>28","7-17","C7-2","1a","2 Rand","16","1","03_Burials_Church"
"240",557,"07/7","-6:16<U+0096>20 -7:192,205 -8:5,17<U+0096>28","7-17","C7-2","1a","2 Rand","1 a","","03_Burials_Church"
"241",557,"07/7","-6:16<U+0096>20 -7:192,205 -8:5,17<U+0096>28","7-17","C7-2","1a","3 Oberteil","1 a","","03_Burials_Church"
"242",557,"07/7","-6:16<U+0096>20 -7:192,205 -8:5,17<U+0096>28","7-17","C7-2","1a","3 Oberteil","1 b","","03_Burials_Church"
"243",570,"07/7","-7:8<U+0096>9,23<U+0096>31","7-6","C7-3","1a","3 Oberteil","2","","03_Burials_Church"
"244",570,"07/7","-7:8<U+0096>9,23<U+0096>31","7-6","C7-3","1a","3 Oberteil","16","","03_Burials_Church"
"245",570,"07/7","-7:8<U+0096>9,23<U+0096>31","7-6","C7-3","1a","2 Rand","1 a","","03_Burials_Church"
"246",570,"07/7","-7:8<U+0096>9,23<U+0096>31","7-6","C7-3","1a","3 Oberteil","1 a","","03_Burials_Church"
"247",571,"07/7","-7:166<U+0096>167,179<U+0096>191","7-15","C7-3","1a","3 Oberteil","2","","03_Burials_Church"
"248",571,"07/7","-7:166<U+0096>167,179<U+0096>191","7-15","C7-3","1a","2 Rand","2","","03_Burials_Church"
"249",571,"07/7","-7:166<U+0096>167,179<U+0096>191","7-15","C7-3","1a","2 Rand","1 a","","03_Burials_Church"
"250",571,"07/7","-7:166<U+0096>167,179<U+0096>191","7-15","C7-3","1a","3 Oberteil","1 a","","03_Burials_Church"
"251",571,"07/7","-7:166<U+0096>167,179<U+0096>191","7-15","C7-3","1a","3 Oberteil","11 b","","03_Burials_Church"
"252",571,"07/7","-7:166<U+0096>167,179<U+0096>191","7-15","C7-3","1a","2 Rand","11 b","","03_Burials_Church"
"253",571,"07/7","-7:166<U+0096>167,179<U+0096>191","7-15","C7-3","1a","3 Oberteil","8 b","","03_Burials_Church"
"254",572,"07/7","-7:103<U+0096>164","7-13","C7-2","1a","3 Oberteil","2","","03_Burials_Church"
"255",572,"07/7","-7:103<U+0096>164","7-13","C7-2","1a","3 Oberteil","1 a","","03_Burials_Church"
"256",572,"07/7","-7:103<U+0096>164","7-13","C7-2","1a","3 Oberteil","11 b","","03_Burials_Church"
"257",572,"07/7","-7:103<U+0096>164","7-13","C7-2","1a","7 Unterteil","5 a","","03_Burials_Church"
"258",573,"07/7","-7:1<U+0096>7","7-5","C7-3","1a","3 Oberteil","2","2 Löcher/17 Rillen/darunter 20mm Kreuzmuster","03_Burials_Church"
"259",573,"07/7","-7:1<U+0096>7","7-5","C7-3","1a","3 Oberteil","2","","03_Burials_Church"
"260",573,"07/7","-7:1<U+0096>7","7-5","C7-3","1a","3 Oberteil","16","2","03_Burials_Church"
"261",573,"07/7","-7:1<U+0096>7","7-5","C7-3","1a","3 Oberteil","16","2","03_Burials_Church"
"262",573,"07/7","-7:1<U+0096>7","7-5","C7-3","1a","3 Oberteil","1 a","","03_Burials_Church"
"263",573,"07/7","-7:1<U+0096>7","7-5","C7-3","1a","3 Oberteil","1 a","","03_Burials_Church"
"264",573,"07/7","-7:1<U+0096>7","7-5","C7-3","1a","7 Unterteil","5 a","","03_Burials_Church"
"265",578,"07/7","-7:165","7-14","C7-1","1a","2 Rand","2","","03_Burials_Church"
"266",578,"07/7","-7:165","7-14","C7-1","1a","3 Oberteil","2","","03_Burials_Church"
"267",578,"07/7","-7:165","7-14","C7-1","1a","2 Rand","4","2 Rillen/12mm Kreuzmuster + vertikale Rillen","03_Burials_Church"
"268",578,"07/7","-7:165","7-14","C7-1","1a","3 Oberteil","16","2","03_Burials_Church"
"269",578,"07/7","-7:165","7-14","C7-1","1a","2 Rand","1 a","","03_Burials_Church"
"270",578,"07/7","-7:165","7-14","C7-1","1a","3 Oberteil","1 a","","03_Burials_Church"
"271",578,"07/7","-7:165","7-14","C7-1","1a","7 Unterteil","5 a","","03_Burials_Church"
"272",578,"07/7","-7:165","7-14","C7-1","1a","3 Oberteil","8 b","2 Löcher/17 Rillen/überlagert von vertikalen Ritzlinien/darunter 10mm Kreuzmuster + vertikale Ritzlinien","03_Burials_Church"
"273",583,"07/7","-7:193,196,199<U+0096>201 -8:15,24","7-23","C7-2","1a","3 Oberteil","2","","03_Burials_Church"
"274",583,"07/7","-7:193,196,199<U+0096>201 -8:15,24","7-23","C7-2","1a","2 Rand","3","(?)","03_Burials_Church"
"275",583,"07/7","-7:193,196,199<U+0096>201 -8:15,24","7-23","C7-2","1a","2 Rand","1 a","horizontale Rillen/diagonle Ritzlinien","03_Burials_Church"
"276",583,"07/7","-7:193,196,199<U+0096>201 -8:15,24","7-23","C7-2","1a","3 Oberteil","1 a","horizontale Rillen/kreuzmuster","03_Burials_Church"
"277",586,"07/7","-7:198","7-22","C7-2",NA,"3 Oberteil","2","","03_Burials_Church"
"278",586,"07/7","-7:198","7-22","C7-2",NA,"3 Oberteil","4","horizontale Rillen/darüber vertikale Ritzlinien/Kammendrücke/Kreuzmuster","03_Burials_Church"
"279",586,"07/7","-7:198","7-22","C7-2",NA,"3 Oberteil","1 a","","03_Burials_Church"
"280",586,"07/7","-7:198","7-22","C7-2",NA,"3 Oberteil","8 b","","03_Burials_Church"
"281",596,"07/7","-7:32<U+0096>41","7-7","C7-3","1a","3 Oberteil","2","","03_Burials_Church"
"282",596,"07/7","-7:32<U+0096>41","7-7","C7-3","1a","3 Oberteil","4","2 Löcher/10mm Kreuzmuster + vertikale Kammeindrücke/14 Rillen/unterbrochen von vertikalen Ritzlinien/darunter 10mm Kreuzmuster + vertikale Kammeindrücke","03_Burials_Church"
"283",596,"07/7","-7:32<U+0096>41","7-7","C7-3","1a","3 Oberteil","16","2","03_Burials_Church"
"284",596,"07/7","-7:32<U+0096>41","7-7","C7-3","1a","2 Rand","1 a","","03_Burials_Church"
"285",596,"07/7","-7:32<U+0096>41","7-7","C7-3","1a","3 Oberteil","1 a","","03_Burials_Church"
"286",596,"07/7","-7:32<U+0096>41","7-7","C7-3","1a","7 Unterteil","5 a","","03_Burials_Church"
"287",596,"07/7","-7:32<U+0096>41","7-7","C7-3","1a","2 Rand","8 b","3 Rillen/teilw. Unterbrochen von vertikalen Ritzlinien","03_Burials_Church"
"288",596,"07/7","-7:32<U+0096>41","7-7","C7-3","1a","3 Oberteil","8 b","","03_Burials_Church"
"289",600,"07/7","-7:42","7-8","Regal","2c","2 Rand","2","","03_Burials_Church"
"290",600,"07/7","-7:42","7-8","Regal","2c","6 Bauch","2","35 Rillen","03_Burials_Church"
"291",600,"07/7","-7:42","7-8","Regal","2c","5 Schulter","1 a","","03_Burials_Church"
"292",600,"07/7","-7:42","7-8","Regal","2c","4 Hals","1 a","","03_Burials_Church"
"293",600,"07/7","-7:42","7-8","Regal","2c","6 Bauch","1 a","","03_Burials_Church"
"294",600,"07/7","-7:42","7-8","Regal","2c","2 Rand","1 a","2 Rillen/12mm frei (erodiert)","03_Burials_Church"
"295",600,"07/7","-7:42","7-8","Regal","2c","6 Bauch","11 a","","03_Burials_Church"
"296",601,"07/7","-7:53<U+0096>67","7-9","C7-1","1a","3 Oberteil","2","","03_Burials_Church"
"297",601,"07/7","-7:53<U+0096>67","7-9","C7-1","1a","3 Oberteil","3","","03_Burials_Church"
"298",601,"07/7","-7:53<U+0096>67","7-9","C7-1","1a","3 Oberteil","16","2","03_Burials_Church"
"299",601,"07/7","-7:53<U+0096>67","7-9","C7-1","1a","3 Oberteil","1 a","2 Löcher/20mm diagonale Ritzlinien/darunter 4 Rillen/darunter 23mm Kreuzmuster/darunter 7 Rillen/darunter 18mm Kreuzmuster","03_Burials_Church"
"300",601,"07/7","-7:53<U+0096>67","7-9","C7-1","1a","2 Rand","1 a","3 Rillen","03_Burials_Church"
"301",601,"07/7","-7:53<U+0096>67","7-9","C7-1","1a","7 Unterteil","5 a","","03_Burials_Church"
"302",606,"07/7","-7:68<U+0096>75","7-10","C7-2","1a","3 Oberteil","2","3 Rillen/10mm diagonale Ritzlinien + vertikale Rillen/darunter 13 Rillen/teilw. von vertikalen Rillen unterbrochen","03_Burials_Church"
"303",606,"07/7","-7:68<U+0096>75","7-10","C7-2","1a","3 Oberteil","16","","03_Burials_Church"
"304",606,"07/7","-7:68<U+0096>75","7-10","C7-2","1a","3 Oberteil","1 a","","03_Burials_Church"
"305",606,"07/7","-7:68<U+0096>75","7-10","C7-2","1a","2 Rand","1 a","","03_Burials_Church"
"306",606,"07/7","-7:68<U+0096>75","7-10","C7-2","1a","3 Oberteil","8 b","","03_Burials_Church"
"307",611,"07/7","-7:76<U+0096>102","7-12","C7-2","1a","2 Rand","2","2 Rillen/15mm Kreuzmuster","03_Burials_Church"
"308",611,"07/7","-7:76<U+0096>102","7-12","C7-2","1a","3 Oberteil","2","","03_Burials_Church"
"309",611,"07/7","-7:76<U+0096>102","7-12","C7-2","1a","3 Oberteil","16","2","03_Burials_Church"
"310",611,"07/7","-7:76<U+0096>102","7-12","C7-2","1a","2 Rand","1 a","","03_Burials_Church"
"311",611,"07/7","-7:76<U+0096>102","7-12","C7-2","1a","3 Oberteil","1 a","","03_Burials_Church"
"312",611,"07/7","-7:76<U+0096>102","7-12","C7-2","1a","7 Unterteil","5 a","","03_Burials_Church"
"313",611,"07/7","-7:76<U+0096>102","7-12","C7-2","1a","3 Oberteil","8 b","2 Löcher/11 Rillen/teilw. überlagert von vertikalen Rillen (Schachbrett)/13mm Kreuzmuster","03_Burials_Church"
"314",637,"07/9","-2:10<U+0096>22","9-2","C9","1a","3 Oberteil","2","2 Löcher/15 Rillen/teilw. mit kl. Einstichen/-drücken darin (Fischgrätenmuster)/darunter 15mm Kreuzmuster","03_Burials_Church"
"315",637,"07/9","-2:10<U+0096>22","9-2","C9","1a","3 Oberteil","16","2","03_Burials_Church"
"316",637,"07/9","-2:10<U+0096>22","9-2","C9","1a","3 Oberteil","1 a","","03_Burials_Church"
"317",637,"07/9","-2:10<U+0096>22","9-2","C9","1a","2 Rand","1 a","","03_Burials_Church"
"318",637,"07/9","-2:10<U+0096>22","9-2","C9","1a","2 Rand","10 b","","03_Burials_Church"
"319",637,"07/9","-2:10<U+0096>22","9-2","C9","1a","3 Oberteil","10 b","","03_Burials_Church"
"320",637,"07/9","-2:10<U+0096>22","9-2","C9","1a","8 Bodenansatz","5 a","","03_Burials_Church"
"321",637,"07/9","-2:10<U+0096>22","9-2","C9","1a","3 Oberteil","8 b","","03_Burials_Church"
"322",641,"07/9","-2:24<U+0096>33","9-4","C9","2b","4 Hals","1 a","","03_Burials_Church"
"323",641,"07/9","-2:24<U+0096>33","9-4","C9","2b","5 Schulter","1 a","","03_Burials_Church"
"324",642,"07/9","-2:23","9-1","C9","1a","3 Oberteil","2","","03_Burials_Church"
"325",642,"07/9","-2:23","9-1","C9","1a","3 Oberteil","16","2","03_Burials_Church"
"326",642,"07/9","-2:23","9-1","C9","1a","2 Rand","1 a","","03_Burials_Church"
"327",642,"07/9","-2:23","9-1","C9","1a","3 Oberteil","1 a","13","03_Burials_Church"
"328",642,"07/9","-2:23","9-1","C9","1a","2 Rand","10 a","","03_Burials_Church"
"329",642,"07/9","-2:23","9-1","C9","1a","7 Unterteil","5 a","","03_Burials_Church"
"330",642,"07/9","-2:23","9-1","C9","1a","3 Oberteil","8 a","2 Löcher/13 Rillen/von diagonalen Ritzlinien überlagert/darunter 10mm Kreuzmuster","03_Burials_Church"
"331",642,"07/9","-2:23","9-1","C9","1a","2 Rand","8 b","4 Rillen/teilw. mit vertikalen Ritzlinien unterbroche/7mm vertikale Einstiche","03_Burials_Church"
"332",645,"07/10","-3:1","10-1","C10-1","1b","3 Oberteil","2","","03_Burials_Church"
"333",645,"07/10","-3:1","10-1","C10-1","1b","3 Oberteil","16","2","03_Burials_Church"
"334",645,"07/10","-3:1","10-1","C10-1","1b","2 Rand","1 a","Rillen oben & seitliche","03_Burials_Church"
"335",645,"07/10","-3:1","10-1","C10-1","1b","3 Oberteil","1 a","","03_Burials_Church"
"336",645,"07/10","-3:1","10-1","C10-1","1b","3 Oberteil","8 b","2 Löcher/15mm Kreuzmuster/darunter 10 Rillen/überlagert von vertikalen Ritzlinien/darunter 17mm Kreuzmuster","03_Burials_Church"
"337",646,"07/10","-3:2","10-2","C10-1","1a","3 Oberteil","4","2 Löcher/8 horizontale Rillen/darunter vertikale Kammeindrücke","03_Burials_Church"
"338",646,"07/10","-3:2","10-2","C10-1","1a","3 Oberteil","16","2","03_Burials_Church"
"339",646,"07/10","-3:2","10-2","C10-1","1a","3 Oberteil","1 a","","03_Burials_Church"
"340",646,"07/10","-3:2","10-2","C10-1","1a","2 Rand","8 b","vertikale Ritzlinien","03_Burials_Church"
"341",647,"07/10","-4:1<U+0096>9","10-3","C10-2","1b","3 Oberteil","2","","03_Burials_Church"
"342",647,"07/10","-4:1<U+0096>9","10-3","C10-2","1b","2 Rand","2","","03_Burials_Church"
"343",647,"07/10","-4:1<U+0096>9","10-3","C10-2","1b","7 Unterteil","3","2x 15 amm Zone mit Fischgrätenmuster, diagone Ritzlinie","03_Burials_Church"
"344",647,"07/10","-4:1<U+0096>9","10-3","C10-2","1b","3 Oberteil","16","","03_Burials_Church"
"345",647,"07/10","-4:1<U+0096>9","10-3","C10-2","1b","3 Oberteil","1 a","","03_Burials_Church"
"346",647,"07/10","-4:1<U+0096>9","10-3","C10-2","1b","2 Rand","1 a","oben und seitl gerillt","03_Burials_Church"
"347",647,"07/10","-4:1<U+0096>9","10-3","C10-2","1b","3 Oberteil","8 b","2 Löcher/17mm Kreuzmuster/9 Rillen/teilw unterbrochen von vertikalen Ritzlinien/","03_Burials_Church"
"348",648,"07/10","-4:10","10-4","C10-1","1a","2 Rand","2","10mm","03_Burials_Church"
"349",648,"07/10","-4:10","10-4","C10-1","1a","8 Bodenansatz","2","vertikale Rillen, umrahmt von Kreuzmuster","03_Burials_Church"
"350",648,"07/10","-4:10","10-4","C10-1","1a","3 Oberteil","2","","03_Burials_Church"
"351",648,"07/10","-4:10","10-4","C10-1","1a","2 Rand","4","vertikal","03_Burials_Church"
"352",648,"07/10","-4:10","10-4","C10-1","1a","3 Oberteil","1 a","8","03_Burials_Church"
"353",648,"07/10","-4:10","10-4","C10-1","1a","8 Bodenansatz","1 b","","03_Burials_Church"
"354",648,"07/10","-4:10","10-4","C10-1","1a","2 Rand","1 c","","03_Burials_Church"
"355",648,"07/10","-4:10","10-4","C10-1","1a","3 Oberteil","7 a","8 Rillen/unterbrochen von vertikalen Ritzlinien/Zick-zack-Ritzlinien/darunter 10mm Kreuzmuster/unterbrochen (siehe 2 Rand)","03_Burials_Church"
"356",648,"07/10","-4:10","10-4","C10-1","1a","3 Oberteil","8 b","","03_Burials_Church"
"357",649,"07/10","-4:11 -5:1<U+0096>3","10-5","C10-1","2b","2 Rand","1 a","","03_Burials_Church"
"358",649,"07/10","-4:11 -5:1<U+0096>3","10-5","C10-1","2b","3 Oberteil","1 a","5 St","03_Burials_Church"
"359",649,"07/10","-4:11 -5:1<U+0096>3","10-5","C10-1","2b","2 Rand","7 a","","03_Burials_Church"
"360",654,"07/12","/II-1:27","12-5","C12","1b","3 Oberteil","2","2 Löcher/6 Rillen/darunter 3 12mm breite Zoen mit Kreuzmuster","03_Burials_Church"
"361",654,"07/12","/II-1:27","12-5","C12","1b","3 Oberteil","16","2","03_Burials_Church"
"362",654,"07/12","/II-1:27","12-5","C12","1b","2 Rand","1 a","oben gerillt","03_Burials_Church"
"363",654,"07/12","/II-1:27","12-5","C12","1b","3 Oberteil","1 a","","03_Burials_Church"
"364",654,"07/12","/II-1:27","12-5","C12","1b","2 Rand","1 b","","03_Burials_Church"
"365",654,"07/12","/II-1:27","12-5","C12","1b","2 Rand","11 c","","03_Burials_Church"
"366",654,"07/12","/II-1:27","12-5","C12","1b","7 Unterteil","5 a","diagonale, konzentrische Ritzlinien, 20mm Abstand","03_Burials_Church"
"367",655,"07/12","/II-2:98<U+0096>128","12-3","C12","1a","3 Oberteil","2","","03_Burials_Church"
"368",655,"07/12","/II-2:98<U+0096>128","12-3","C12","1a","3 Oberteil","16","2","03_Burials_Church"
"369",655,"07/12","/II-2:98<U+0096>128","12-3","C12","1a","2 Rand","1 a","","03_Burials_Church"
"370",655,"07/12","/II-2:98<U+0096>128","12-3","C12","1a","3 Oberteil","1 a","","03_Burials_Church"
"371",655,"07/12","/II-2:98<U+0096>128","12-3","C12","1a","3 Oberteil","8 b","2 Löcher/3 Rillen/darunter 7mm Kreuzmuster/raunter 10 Rillen/überlagert von vertikalen Ritzlinien/darunter 20mm Kreuzmuster","03_Burials_Church"
"372",655,"07/12","/II-2:98<U+0096>128","12-3","C12","1a","2 Rand","8 b","","03_Burials_Church"
"373",656,"07/12","/II-2:74<U+0096>97","12-2","C12","2b","3 Oberteil","2","","03_Burials_Church"
"374",656,"07/12","/II-2:74<U+0096>97","12-2","C12","2b","3 Oberteil","1 a","10 horizontale Rillen:/15mm Kreuzmuster","03_Burials_Church"
"375",656,"07/12","/II-2:74<U+0096>97","12-2","C12","2b","2 Rand","7 a","","03_Burials_Church"
"376",667,"07/12","/II-3:1<U+0096>6,14<U+0096>26","12-4","C12","1b","3 Oberteil","16","","03_Burials_Church"
"377",667,"07/12","/II-3:1<U+0096>6,14<U+0096>26","12-4","C12","1b","3 Oberteil","1 a","","03_Burials_Church"
"378",667,"07/12","/II-3:1<U+0096>6,14<U+0096>26","12-4","C12","1b","2 Rand","1 a","oben gerillt","03_Burials_Church"
"379",678,"07/12","/II-2:versch","12-1","C12","1a","3 Oberteil","2","","03_Burials_Church"
"380",678,"07/12","/II-2:versch","12-1","C12","1a","3 Oberteil","1 a","","03_Burials_Church"
"381",678,"07/12","/II-2:versch","12-1","C12","1a","2 Rand","1 a","","03_Burials_Church"
"382",678,"07/12","/II-2:versch","12-1","C12","1a","2 Rand","1 b","","03_Burials_Church"
"383",678,"07/12","/II-2:versch","12-1","C12","1a","3 Oberteil","1 b","","03_Burials_Church"
"384",678,"07/12","/II-2:versch","12-1","C12","1a","3 Oberteil","11 b","","03_Burials_Church"
"385",678,"07/12","/II-2:versch","12-1","C12","1a","7 Unterteil","5 a","","03_Burials_Church"
"386",678,"07/12","/II-2:versch","12-1","C12","1a","3 Oberteil","8 b","","03_Burials_Church"
"387",1694,"07/7"," -7:43-44",NA,"7-1",NA,"0 unbekannt","2","","03_Burials_Church"
"388",1697,"07/7","-8:11",NA,"7-1",NA,"0 unbekannt","1 a","","03_Burials_Church"
"389",1718,"07/7","-7:195",NA,"7-1","1a","7 Unterteil","2","","03_Burials_Church"
"390",1718,"07/7","-7:195",NA,"7-1","1a","7 Unterteil","1 a","","03_Burials_Church"
"391",1718,"07/7","-7:195",NA,"7-1","1a","7 Unterteil","5 a","","03_Burials_Church"
"392",1728,"07/6","'-1:G4","G4","6","1a","3 Oberteil","1 a","","03_Burials_Church"
"393",1728,"07/6","'-1:G4","G4","6","1a","2 Rand","1 a","","03_Burials_Church"
"394",1729,"07/4","'-1:26-38","G2","4","1a","2 Rand","1 a","","03_Burials_Church"
"395",1730,"07/4","'-1:47-49","G3","4",NA,"3 Oberteil","1 a","","03_Burials_Church"
"396",1733,"07/3","-1:370 usw.",NA,"3-1","1a","3 Oberteil","1 a","","03_Burials_Church"
"397",1733,"07/3","-1:370 usw.",NA,"3-1","1a","2 Rand","1 a","","03_Burials_Church"
"398",1734,"07/3","-1:386 usw","3-8","3-1","1a","2 Rand","2","","03_Burials_Church"
"399",1734,"07/3","-1:386 usw","3-8","3-1","1a","3 Oberteil","2","","03_Burials_Church"
"400",1734,"07/3","-1:386 usw","3-8","3-1","1a","3 Oberteil","1 a","","03_Burials_Church"
"401",1734,"07/3","-1:386 usw","3-8","3-1","1a","2 Rand","1 a","","03_Burials_Church"
"402",794,"07/13","II/4:4",NA,NA,"2a","4 Hals","1 a","","04_Pit13_Church"
"403",794,"07/13","II/4:4",NA,NA,"2a","2 Rand","1 a","","04_Pit13_Church"
"404",799,"07/13","II/4:32",NA,NA,NA,"0 unbekannt","1 a","","04_Pit13_Church"
"405",799,"07/13","II/4:32",NA,NA,NA,"0 unbekannt","4","","04_Pit13_Church"
"406",803,"07/13","II/4:38",NA,NA,NA,"6 Bauch","1 a","horizontale Rillen","04_Pit13_Church"
"407",805,"07/13","II/3a:8",NA,NA,NA,"0 unbekannt","1 a","","04_Pit13_Church"
"408",808,"07/13","II/4:198",NA,NA,NA,"0 unbekannt","4","","04_Pit13_Church"
"409",808,"07/13","II/4:198",NA,NA,NA,"6 Bauch","1 a","","04_Pit13_Church"
"410",808,"07/13","II/4:198",NA,NA,NA,"6 Bauch","1 b","","04_Pit13_Church"
"411",808,"07/13","II/4:198",NA,NA,NA,"6 Bauch","10 b","horizontale u vertikale Rillen mit Einstrichen darin","04_Pit13_Church"
"412",809,"07/13","I/1:12",NA,NA,NA,"0 unbekannt","1 a","","04_Pit13_Church"
"413",815,"07/13","II/4:124",NA,NA,NA,"0 unbekannt","1 a","","04_Pit13_Church"
"414",817,"07/13","II/4:37",NA,NA,NA,"0 unbekannt","1 a","","04_Pit13_Church"
"415",818,"07/13","II/4:3","G13.4",NA,"2","6 Bauch","11 a","","04_Pit13_Church"
"416",818,"07/13","II/4:3","G13.4",NA,"2","6 Bauch","2","","04_Pit13_Church"
"417",818,"07/13","II/4:3","G13.4",NA,"2","6 Bauch","1 a","","04_Pit13_Church"
"418",820,"07/13","II/4:41",NA,NA,NA,"0 unbekannt","4","","04_Pit13_Church"
"419",820,"07/13","II/4:41",NA,NA,NA,"6 Bauch","1 a","Rillen mit Einstichen darin","04_Pit13_Church"
"420",820,"07/13","II/4:41",NA,NA,NA,"6 Bauch","10 b","","04_Pit13_Church"
"421",821,"07/13","II/3a:24",NA,NA,NA,"0 unbekannt","4","","04_Pit13_Church"
"422",821,"07/13","II/3a:24",NA,NA,NA,"6 Bauch","1 a","Rille mit doppelten Einstichen darin","04_Pit13_Church"
"423",821,"07/13","II/3a:24",NA,NA,NA,"6 Bauch","11 c","","04_Pit13_Church"
"424",822,"07/13","II/4:175",NA,NA,NA,"0 unbekannt","1 a","","04_Pit13_Church"
"425",822,"07/13","II/4:175",NA,NA,NA,"0 unbekannt","1 a","","04_Pit13_Church"
"426",822,"07/13","II/4:175",NA,NA,NA,"6 Bauch","1 a","","04_Pit13_Church"
"427",822,"07/13","II/4:175",NA,NA,NA,"6 Bauch","1 e","Rille u schräge Ritzlinien","04_Pit13_Church"
"428",823,"07/13","II/4:123",NA,NA,NA,"0 unbekannt","1 a","","04_Pit13_Church"
"429",824,"07/13","II/4:45",NA,NA,NA,"0 unbekannt","4","","04_Pit13_Church"
"430",824,"07/13","II/4:45",NA,NA,NA,"0 unbekannt","1 a","","04_Pit13_Church"
"431",831,"07/13","II/3a:26",NA,NA,NA,"0 unbekannt","1 a","","04_Pit13_Church"
"432",831,"07/13","II/3a:26",NA,NA,NA,"0 unbekannt","4","","04_Pit13_Church"
"433",831,"07/13","II/3a:26",NA,NA,NA,"6 Bauch","1 a","","04_Pit13_Church"
"434",831,"07/13","II/3a:26",NA,NA,NA,"6 Bauch","10 b","","04_Pit13_Church"
"435",831,"07/13","II/3a:26",NA,NA,NA,"6 Bauch","8 a","horizontale Rille mit Einstichen darin, Wiegeband","04_Pit13_Church"
"436",832,"07/13","II/4:66",NA,NA,NA,"6 Bauch","1 a","Rillen/eingedrückt","04_Pit13_Church"
"437",835,"07/13","II/4:31",NA,NA,NA,"0 unbekannt","1 a","","04_Pit13_Church"
"438",835,"07/13","II/4:31",NA,NA,NA,"0 unbekannt","4","","04_Pit13_Church"
"439",1302,"07/13","II/3a:28",NA,NA,NA,"0 unbekannt","1 a","","04_Pit13_Church"
"440",1305,"07/13","I/1:35",NA,NA,NA,"0 unbekannt","1 a","","04_Pit13_Church"
"441",1316,"07/13","I/1:36",NA,NA,NA,"0 unbekannt","1 a","","04_Pit13_Church"
"442",1328,"07/13","II/4:75",NA,NA,NA,"0 unbekannt","1 a","","04_Pit13_Church"
"443",1328,"07/13","II/4:75",NA,NA,NA,"0 unbekannt","1 a","","04_Pit13_Church"
"444",1370,"07/13","II/3a:27",NA,NA,NA,"0 unbekannt","1 a","","04_Pit13_Church"
"445",1371,"07/13","II/4:42",NA,NA,NA,"0 unbekannt","1 a","","04_Pit13_Church"
"446",1384,"07/13","II/2a+2b:7",NA,NA,NA,"0 unbekannt","1 a","","04_Pit13_Church"
"447",1385,"07/13","II/3a:6",NA,NA,NA,"5 Schulter","1 a","","04_Pit13_Church"
"448",1386,"07/13","II/4:81",NA,NA,NA,"0 unbekannt","1 a","","04_Pit13_Church"
"449",1388,"07/13","II/4:106",NA,NA,NA,"0 unbekannt","1 a","","04_Pit13_Church"
"450",1389,"07/13","II/4:111",NA,NA,NA,"0 unbekannt","1 a","","04_Pit13_Church"
"451",1409,"07/13","II/4:x",NA,NA,NA,"6 Bauch","1 a","Rille","04_Pit13_Church"
"452",1433,"07/13","II/4:x",NA,NA,NA,"2 Rand","1 a","Rille unter dem 2 Rand","04_Pit13_Church"
"453",1517,"07/13","II/4:x",NA,NA,NA,"7 Unterteil","1 a","Rippe od. Rille","04_Pit13_Church"
"454",1535,"07/13","II/4:x",NA,NA,NA,"7 Unterteil","1 a","zwei Rillen","04_Pit13_Church"
"455",1558,"07/13","I/1:x",NA,NA,NA,"7 Unterteil","1 a","Rillen","04_Pit13_Church"
"456",1559,"07/13","I/1:x",NA,NA,NA,"7 Unterteil","1 a","Rillen unter dem 2 Rand","04_Pit13_Church"
"457",1607,"07/13","II/4:83",NA,NA,NA,"0 unbekannt","1 a","","04_Pit13_Church"
"458",1608,"07/13","II/3a:14",NA,NA,NA,"0 unbekannt","4","","04_Pit13_Church"
"459",1649,"07/13","II/4:206",NA,NA,NA,"0 unbekannt","1 a","","04_Pit13_Church"
"460",1652,"07/13","II/4:209",NA,NA,NA,"0 unbekannt","1 a","","04_Pit13_Church"
"461",1653,"07/13","II/4:210",NA,NA,NA,"0 unbekannt","1 a","","04_Pit13_Church"
"462",1654,"07/13","II/4:13",NA,NA,NA,"2 Rand","1 a","","04_Pit13_Church"
"463",1655,"07/13","I/1:209",NA,NA,NA,"0 unbekannt","1 a","","04_Pit13_Church"
"464",234,"07/95","10",NA,"C95",NA,"8 Bodenansatz","1 b","vertikale Ritzlinen","05_Survey"
"465",256,"07/95","189",NA,"C95","2","6 Bauch","15","","05_Survey"
"466",256,"07/95","189",NA,"C95","2","6 Bauch","1 a","","05_Survey"
"467",256,"07/95","189",NA,"C95","2","6 Bauch","1 e","","05_Survey"
"468",256,"07/95","189",NA,"C95","2","6 Bauch","10 a","horizontale Rillen + vertikale Einstiche; diagonale Rillen (8) + horizontale Kammeindrücke /evtl. Roulette? (siehe zeichnung)","05_Survey"
"469",257,"07/95","190",NA,"C95","2","6 Bauch","15","","05_Survey"
"470",257,"07/95","190",NA,"C95","2","6 Bauch","1 a","","05_Survey"
"471",257,"07/95","190",NA,"C95","2","6 Bauch","1 e","horizontale Rillen + vertikale Einstiche; diagonale Rillen (8) + horizontale Kammeindrücke /evtl. Roulette? (siehe zeichnung)","05_Survey"
"472",257,"07/95","190",NA,"C95","2","6 Bauch","10 a","","05_Survey"
"473",258,"07/95","191",NA,"C95",NA,"0 unbekannt","15","horizontale Rillen + vertikale Einstiche/diagonale Rillen (8) + horizontale Kammeindrücke /evtl. Roulette? (siehe zeichnung)","05_Survey"
"474",258,"07/95","191",NA,"C95",NA,"0 unbekannt","1 a","","05_Survey"
"475",258,"07/95","191",NA,"C95",NA,"0 unbekannt","1 b","","05_Survey"
"476",258,"07/95","191",NA,"C95",NA,"0 unbekannt","1 e","","05_Survey"
"477",259,"07/95","192",NA,"C95",NA,"0 unbekannt","15","","05_Survey"
"478",259,"07/95","192",NA,"C95",NA,"0 unbekannt","1 a","","05_Survey"
"479",259,"07/95","192",NA,"C95",NA,"0 unbekannt","1 e","","05_Survey"
"480",259,"07/95","192",NA,"C95",NA,"0 unbekannt","10 b","diagonale Rillen/Kammeindrücke/Einstiche (Fingernagel?)","05_Survey"
"481",1706,"07/109","1, 5, 8, 10",NA,"95","2d","6 Bauch","5 a","(?)","05_Survey"
"482",1707,"07/109","14",NA,"95","1a","0 unbekannt","2","","05_Survey"
"483",1707,"07/109","14",NA,"95","1a","0 unbekannt","1 a","","05_Survey"
"484",1709,"07/110","1,3",NA,"95",NA,"7 Unterteil","14","","05_Survey"
"485",1710,"07/110","5",NA,"95","1","7 Unterteil","4","tief","05_Survey"
"486",1710,"07/110","5",NA,"95","1","7 Unterteil","8 a","Wiegeband/Klinge","05_Survey"
"487",1714,"07/106","1",NA,"95",NA,"2 Rand","1 a","fein","05_Survey"
"488",1714,"07/106","1",NA,"95",NA,"4 Hals","1 a","fein","05_Survey"
"489",767,"07/11","II/2b:25","G11.2",NA,"3a","3 Oberteil","17","","01_Pit11_Church"
"490",767,"07/11","II/2b:25","G11.2",NA,"3a","4 Hals","17","","01_Pit11_Church"
"491",767,"07/11","II/2b:25","G11.2",NA,"3a","6 Bauch","17","","01_Pit11_Church"
"492",767,"07/11","II/2b:25","G11.2",NA,"3a","7 Unterteil","17","","01_Pit11_Church"
"493",767,"07/11","II/2b:25","G11.2",NA,"3a","8 Bodenansatz","17","15/21?","01_Pit11_Church"
"494",767,"07/11","II/2b:25","G11.2",NA,"3a","5 Schulter","17","","01_Pit11_Church"
"495",770,"07/11","II/2b:44",NA,NA,NA,"5 Schulter","1 a","","01_Pit11_Church"
"496",774,"07/11","II/2b:121",NA,NA,NA,"2 Rand","1 a","","01_Pit11_Church"
"497",775,"07/11","I/3:12",NA,NA,NA,"2 Rand","1 a","","01_Pit11_Church"
"498",775,"07/11","I/3:12",NA,NA,NA,"2 Rand","1 a","","01_Pit11_Church"
"499",776,"07/11","II/2b:59",NA,NA,NA,"0 unbekannt","4","","01_Pit11_Church"
"500",776,"07/11","II/2b:59",NA,NA,NA,"0 unbekannt","8 a","","01_Pit11_Church"
"501",777,"07/11","/0:2",NA,NA,NA,"2 Rand","1 a","","01_Pit11_Church"
"502",777,"07/11","/0:2",NA,NA,NA,"4 Hals","8 b","","01_Pit11_Church"
"503",780,"07/11","I/3:2",NA,NA,"3b","4 Hals","8 b","(?)","01_Pit11_Church"
"504",781,"07/11","II/2b:52",NA,NA,"3b","5 Schulter","1 a","","01_Pit11_Church"
"505",783,"07/11","II/2b:99",NA,NA,NA,"0 unbekannt","8 a","","01_Pit11_Church"
"506",785,"07/11","II/2b:57",NA,NA,NA,"0 unbekannt","8 a","","01_Pit11_Church"
"507",786,"07/11","II/2b:96",NA,NA,NA,"0 unbekannt","8 a","","01_Pit11_Church"
"508",789,"07/11","II/2b:45",NA,NA,NA,"5 Schulter","1 a","","01_Pit11_Church"
"509",790,"07/11","II/2b:72",NA,NA,NA,"2 Rand","1 a","","01_Pit11_Church"
"510",790,"07/11","II/2b:72",NA,NA,NA,"5 Schulter","16","","01_Pit11_Church"
"511",790,"07/11","II/2b:72",NA,NA,NA,"5 Schulter","17","","01_Pit11_Church"
"512",791,"07/11","II/2b:135",NA,NA,NA,"6 Bauch","1 a","","01_Pit11_Church"
"513",791,"07/11","II/2b:135",NA,NA,NA,"6 Bauch","1 e","horizontale und schräge Linienbündel","01_Pit11_Church"
"514",826,"07/11","II/2b:1","G11.1",NA,"3a","3 Oberteil","17","","01_Pit11_Church"
"515",826,"07/11","II/2b:1","G11.1",NA,"3a","4 Hals","17","","01_Pit11_Church"
"516",826,"07/11","II/2b:1","G11.1",NA,"3a","5 Schulter","17","","01_Pit11_Church"
"517",834,"07/11","II/2c:8",NA,NA,NA,"0 unbekannt","17","","01_Pit11_Church"
"518",836,"07/11","II/2b:107",NA,NA,NA,"6 Bauch","1 a","","01_Pit11_Church"
"519",836,"07/11","II/2b:107",NA,NA,NA,"6 Bauch","1 e","horizontale & schräge Rillen","01_Pit11_Church"
"520",840,"07/11","II/2b:204",NA,NA,NA,"0 unbekannt","1 a","","01_Pit11_Church"
"521",845,"07/11","I/6:1",NA,NA,NA,"0 unbekannt","8 a","","01_Pit11_Church"
"522",859,"07/11","II/2b:76",NA,NA,NA,"0 unbekannt","11 a","","01_Pit11_Church"
"523",878,"07/11","I/3:5",NA,NA,NA,"0 unbekannt","8 a","","01_Pit11_Church"
"524",900,"07/11","II/2b:141",NA,NA,NA,"0 unbekannt","17","","01_Pit11_Church"
"525",900,"07/11","II/2b:141",NA,NA,NA,"0 unbekannt","8 a","(?)","01_Pit11_Church"
"526",937,"07/11","I/2:6",NA,NA,NA,"0 unbekannt","8 a","","01_Pit11_Church"
"527",944,"07/11","II/2b:67",NA,NA,NA,"0 unbekannt","11 a","","01_Pit11_Church"
"528",947,"07/11","II/2b:101",NA,NA,NA,"0 unbekannt","4","","01_Pit11_Church"
"529",947,"07/11","II/2b:101",NA,NA,NA,"0 unbekannt","8 a","","01_Pit11_Church"
"530",956,"07/11","II/2b:116",NA,NA,NA,"0 unbekannt","4","","01_Pit11_Church"
"531",956,"07/11","II/2b:116",NA,NA,NA,"0 unbekannt","8 a","","01_Pit11_Church"
"532",957,"07/11","I/2:25",NA,NA,NA,"0 unbekannt","8 a","","01_Pit11_Church"
"533",1027,"07/11","II/2b:135",NA,NA,NA,"0 unbekannt","17","","01_Pit11_Church"
"534",1063,"07/11","II/2b:190",NA,NA,NA,"0 unbekannt","11 a","","01_Pit11_Church"
"535",1063,"07/11","II/2b:190",NA,NA,NA,"0 unbekannt","4","","01_Pit11_Church"
"536",1376,"07/11","I/2:5",NA,NA,NA,"0 unbekannt","8 a","(?)","01_Pit11_Church"
"537",1376,"07/11","I/2:5",NA,NA,NA,"0 unbekannt","1 a","","01_Pit11_Church"
"538",1377,"07/11","I/6:5",NA,NA,NA,"5 Schulter","17","","01_Pit11_Church"
"539",1378,"07/11","II/2b:93",NA,NA,NA,"0 unbekannt","8 a","","01_Pit11_Church"
"540",1379,"07/11","II/2b:134",NA,NA,NA,"0 unbekannt","1 a","","01_Pit11_Church"
"541",1380,"07/11","II/2b:177",NA,NA,NA,"0 unbekannt","1 a","","01_Pit11_Church"
"542",1381,"07/11","II/2b:232",NA,NA,NA,"0 unbekannt","8 a","","01_Pit11_Church"
