"","ObjID","feature","Indiv","GE","box","form_vessel"
"1",225,"07/95","1",NA,"C95",NA
"2",226,"07/95","2",NA,"C95",NA
"3",227,"07/95","3",NA,"C95",NA
"4",228,"07/95","4",NA,"C95",NA
"5",229,"07/95","5",NA,"C95",NA
"6",230,"07/95","6",NA,"C95",NA
"7",231,"07/95","7",NA,"C95",NA
"8",232,"07/95","8",NA,"C95",NA
"9",233,"07/95","9",NA,"C95",NA
"10",234,"07/95","10",NA,"C95",NA
"11",235,"07/95","11",NA,"C95",NA
"12",236,"07/95","12",NA,"C95",NA
"13",237,"07/95","13",NA,"C95",NA
"14",238,"07/95","14",NA,"C95",NA
"15",239,"07/95","15",NA,"C95",NA
"16",240,"07/95","16",NA,"C95",NA
"17",241,"07/95","17",NA,"C95",NA
"18",242,"07/95","18",NA,"C95",NA
"19",243,"07/95","19",NA,"C95",NA
"20",244,"07/95","20",NA,"C95",NA
"21",245,"07/95","21",NA,"C95",NA
"22",246,"07/95","22",NA,"C95",NA
"23",247,"07/95","23",NA,"C95",NA
"24",248,"07/95","24",NA,"C95","1"
"25",249,"07/95","25",NA,"C95",NA
"26",250,"07/95","146, 151",NA,"C95",NA
"27",251,"07/95","147",NA,"C95",NA
"28",252,"07/95","148",NA,"C95",NA
"29",253,"07/95","149",NA,"C95","1"
"30",254,"07/95","150",NA,"C95","1"
"31",255,"07/95","188",NA,"C95","2a"
"32",256,"07/95","189",NA,"C95","2"
"33",257,"07/95","190",NA,"C95","2"
"34",258,"07/95","191",NA,"C95",NA
"35",259,"07/95","192",NA,"C95",NA
"36",260,"07/95","##",NA,"C95",NA
"37",261,"07/95","##",NA,"C95",NA
"38",262,"07/95","214–245",NA,"C95",NA
"39",263,"07/1","/I-1:61",NA,"C1",NA
"40",264,"07/1","/I-2:1",NA,"C1","2"
"41",265,"07/1","/I-2:13",NA,"C1",NA
"42",266,"07/1","/I-2:59",NA,"C1",NA
"43",267,"07/1","/II-1:100",NA,"C1",NA
"44",268,"07/1","/II-1:105",NA,"C1",NA
"45",269,"07/1","/II-1:164",NA,"C1",NA
"46",270,"07/1","/II-1:173",NA,"C1",NA
"47",271,"07/1","/II-1:191",NA,"C1",NA
"48",272,"07/1","/II-1:6?",NA,"C1","2"
"49",273,"07/1","/II-1:62",NA,"C1","1"
"50",274,"07/1","/II-1:65",NA,"C1",NA
"51",275,"07/1","/II-1:82",NA,"C1","1"
"52",276,"07/1","/II-1:83",NA,"C1","1"
"53",277,"07/1","/II-1:87",NA,"C1",NA
"54",278,"07/1","/II-1:88",NA,"C1",NA
"55",279,"07/1","/II-1:90",NA,"C1","1"
"56",280,"07/1","/II-1:92",NA,"C1",NA
"57",281,"07/1","/II-1:98",NA,"C1",NA
"58",282,"07/1","/II-1.172",NA,"C1",NA
"59",283,"07/1","/II-2:2",NA,"C1","2"
"60",284,"07/1","/II-2:2?",NA,"C1","2"
"61",285,"07/1","/II-2:6",NA,"C1",NA
"62",286,"07/1","/II-2:67",NA,"C1",NA
"63",287,"07/1","/II-2:9",NA,"C1",NA
"64",288,"07/1","/II-3:1",NA,"C1",NA
"65",289,"07/1","/II-3:2",NA,"C1",NA
"66",290,"07/1","/II-3:21",NA,"C1",NA
"67",291,"07/1","/II-3:3",NA,"C1",NA
"68",292,"07/1","/II-3:31",NA,"C1",NA
"69",293,"07/1","/II-3:32",NA,"C1",NA
"70",294,"07/1","/II-3:7",NA,"C1","2"
"71",295,"07/1","/II-4:11",NA,"C1",NA
"72",296,"07/1","/II-4:12",NA,"C1",NA
"73",297,"07/1","/II-4:13",NA,"C1",NA
"74",298,"07/1","/II-4:20",NA,"C1",NA
"75",299,"07/1","/II-4:21",NA,"C1",NA
"76",300,"07/1","/II-4:22",NA,"C1","1c"
"77",301,"07/1","/II-4:23 /II-4:14, /II-3:5, /II-4:1, II-3:21",NA,"C1","1"
"78",302,"07/1","/II-4:26",NA,"C1",NA
"79",303,"07/1","/II-4:28",NA,"C1","2"
"80",304,"07/1","/II-4:29",NA,"C1",NA
"81",305,"07/1","/II-4:35",NA,"C1","1c"
"82",306,"07/1","/II-4:36-37",NA,"C1","1c"
"83",307,"07/1","/II-4:38",NA,"C1",NA
"84",308,"07/1","/II-4:39",NA,"C1","1c"
"85",309,"07/1","/II-4:40",NA,"C1","1c"
"86",310,"07/1","/II-4:41",NA,"C1","1c"
"87",311,"07/1","/II-4:45",NA,"C1",NA
"88",312,"07/1","/II-4:52",NA,"C1",NA
"89",313,"07/1","/II-4:68",NA,"C1",NA
"90",314,"07/1","/II-4:8",NA,"C1",NA
"91",315,"07/2","/I-1:15",NA,"C2",NA
"92",316,"07/2","/I-2:1",NA,"C2",NA
"93",317,"07/2","/I-2:3",NA,"C2",NA
"94",318,"07/2","/I-2:6",NA,"C2",NA
"95",319,"07/2","/I-3:1",NA,"C2",NA
"96",320,"07/2","/I-3:4",NA,"C2",NA
"97",321,"07/2","/I-4:2 /I-4:6,9",NA,"C2",NA
"98",322,"07/2","/II-1:15",NA,"C2",NA
"99",323,"07/2","/II-1:16",NA,"C2",NA
"100",324,"07/2","/II-1:33",NA,"C2",NA
"101",325,"07/2","/II-1:34",NA,"C2",NA
"102",326,"07/2","/II-1:35",NA,"C2",NA
"103",327,"07/2","/II-1:4",NA,"C2","1"
"104",328,"07/2","/II-1:5",NA,"C2","1"
"105",329,"07/2","/II-1:6",NA,"C2","1"
"106",330,"07/2","/II-1:65",NA,"C2",NA
"107",331,"07/2","/II-1:7",NA,"C2","1"
"108",332,"07/2","/II-2:12",NA,"C2",NA
"109",333,"07/2","/II-2:15",NA,"C2",NA
"110",334,"07/2","/II-2:2 /II-3:2,57,62",NA,"C2","2"
"111",335,"07/2","/II-2:24",NA,"C2","1"
"112",336,"07/2","/II-2:25",NA,"C2","1"
"113",337,"07/2","/II-2:26",NA,"C2","1"
"114",338,"07/2","/II-2:27",NA,"C2",NA
"115",339,"07/2","/II-2:3",NA,"C2",NA
"116",340,"07/2","/II-3:31",NA,"C2",NA
"117",341,"07/2","/II-3:4",NA,"C2","1"
"118",342,"07/2","/II-3:58",NA,"C2",NA
"119",343,"07/2","/II-3:71",NA,"C2",NA
"120",344,"07/2","/II-3:72",NA,"C2",NA
"121",345,"07/2","/II-3:73",NA,"C2",NA
"122",346,"07/2","/II-3:74",NA,"C2",NA
"123",347,"07/2","/II-3:86",NA,"C2",NA
"124",348,"07/2","/II-4:1",NA,"C2",NA
"125",349,"07/3","-1:70–93","3-1","C3-2","1a"
"126",350,"07/3","-1:425–431","3-3","C3-2","1a"
"127",351,"07/3","-1:34–37","3-4","C3-1","1a"
"128",353,"07/3","-1:278–306","3-9","C3-1","1a"
"129",355,"07/3","-1:148–192","3-5","C3-1","1a"
"130",356,"07/3","-1:2–6","3-6","C3-2","1a"
"131",358,"07/3","-1:125–130","3-7","C3-2","1a"
"132",360,"07/3","-1:200–236","3-11","C3-1","1a"
"133",362,"07/3","-1:307–327","3-2","C3-1","1a"
"134",363,"07/3","-1:45–53","3-13","C3-2","1a"
"135",365,"07/3","-1:1","3-12","C3-1","1a"
"136",430,"07/3","-1:336","3-10","C3-1","1a"
"137",452,"07/4","-1:1–25","4-1","C4","1a"
"138",454,"07/5","-1:1–13 -2:1–2","5-1","C5","1a"
"139",455,"07/5","-1:14–23 -2:4–9","5-2","C5","1a"
"140",462,"07/5","-2:11–34","5-3","C5","1a"
"141",476,"07/6","-1:28,42–45 -2:164–165,173–184","6-5","C6","1a"
"142",477,"07/6","-1:1–7 -2:37–70 -3:39","6-2","C6","1a"
"143",478,"07/6","-1:12–18 -2:71–82,101–148","6-3","C6","1a"
"144",487,"07/6","-2:1–4,13–36","6-1","C6","1a"
"145",523,"07/7","-1:1–3 -3:1–3,6,33–42","7-20","C7-1","2b"
"146",524,"07/7","-2:1–3","7-1","C7-1","1a"
"147",525,"07/7","-2:1 -3:2,41–65","7-21","C7-1",NA
"148",530,"07/7","-3:1–3","7-2","C7-1","1a"
"149",544,"07/7","-4:1 -6:2–9,12,15","7-3","Regal","2b"
"150",545,"07/7","-3:5 -4.10–12 -5:1–5","7-4","C7-1","1a"
"151",552,"07/7","-6:1–6 -7:194 -8:10","7-11","C7-2","1a"
"152",553,"07/7","-6:8–10 -7:202–204 -8:13","7-16","C7-2","1a"
"153",555,"07/7","-6:5,13","7-19","C7-2","1a"
"154",557,"07/7","-6:16–20 -7:192,205 -8:5,17–28","7-17","C7-2","1a"
"155",570,"07/7","-7:8–9,23–31","7-6","C7-3","1a"
"156",571,"07/7","-7:166–167,179–191","7-15","C7-3","1a"
"157",572,"07/7","-7:103–164","7-13","C7-2","1a"
"158",573,"07/7","-7:1–7","7-5","C7-3","1a"
"159",578,"07/7","-7:165","7-14","C7-1","1a"
"160",583,"07/7","-7:193,196,199–201 -8:15,24","7-23","C7-2","1a"
"161",586,"07/7","-7:198","7-22","C7-2",NA
"162",596,"07/7","-7:32–41","7-7","C7-3","1a"
"163",600,"07/7","-7:42","7-8","Regal","2c"
"164",601,"07/7","-7:53–67","7-9","C7-1","1a"
"165",606,"07/7","-7:68–75","7-10","C7-2","1a"
"166",611,"07/7","-7:76–102","7-12","C7-2","1a"
"167",636,"07/9","-2:1–9","9-3","C9","2b"
"168",637,"07/9","-2:10–22","9-2","C9","1a"
"169",641,"07/9","-2:24–33","9-4","C9","2b"
"170",642,"07/9","-2:23","9-1","C9","1a"
"171",645,"07/10","-3:1","10-1","C10-1","1b"
"172",646,"07/10","-3:2","10-2","C10-1","1a"
"173",647,"07/10","-4:1–9","10-3","C10-2","1b"
"174",648,"07/10","-4:10","10-4","C10-1","1a"
"175",649,"07/10","-4:11 -5:1–3","10-5","C10-1","2b"
"176",654,"07/12","/II-1:27","12-5","C12","1b"
"177",655,"07/12","/II-2:98–128","12-3","C12","1a"
"178",656,"07/12","/II-2:74–97","12-2","C12","2b"
"179",667,"07/12","/II-3:1–6,14–26","12-4","C12","1b"
"180",674,"07/14","-1:1",NA,"C14","4"
"181",675,"07/14","-1:2–3",NA,"C14",NA
"182",676,"07/14","-1:4–8",NA,"C14",NA
"183",677,"07/7","4",NA,NA,NA
"184",678,"07/12","/II-2:versch","12-1","C12","1a"
"185",679,"07/13","/II-4:2,9,22,33,49,50,70,73,95","13-1",NA,"1b"
"186",680,"05/1",NA,"A14-1",NA,"1a"
"187",681,"05/1",NA,"A14-2",NA,"3c"
"188",682,"05/1",NA,"A14-3",NA,"1a"
"189",683,"05/2",NA,"B13-1",NA,NA
"190",684,"05/2",NA,"C14-2",NA,"1a"
"191",685,"05/2",NA,"C14-3",NA,"1a"
"192",686,"05/2",NA,"C14-4",NA,"2b"
"193",687,"05/C",NA,"A12",NA,"1a"
"194",688,"05/C",NA,"A13-1",NA,"1a"
"195",689,"05/C",NA,"A13-3",NA,"1a"
"196",690,"05/C",NA,"A13-2",NA,"1a"
"197",691,"05/3",NA,"V3-2",NA,"1a"
"198",692,"05/3",NA,"V3-6",NA,"1a"
"199",693,"05/3",NA,"V3-1",NA,"1a"
"200",694,"05/3",NA,"V3-8",NA,"1a"
"201",695,"05/3",NA,"V3-3",NA,"1a"
"202",696,"05/3",NA,"V3-4",NA,"1a"
"203",697,"05/3",NA,"V3-5",NA,"1a"
"204",698,"05/3",NA,"W3-7",NA,"2a"
"205",699,"05/3",NA,"W3-8",NA,"1a"
"206",700,"05/3",NA,"W3-13",NA,"1a"
"207",701,"05/3",NA,"W3-12",NA,"1a"
"208",702,"05/3",NA,"W3-9",NA,"1a"
"209",703,"05/3",NA,"W3-10.2",NA,"1a"
"210",704,"05/3",NA,"W3-10.1",NA,"2a"
"211",705,"05/3",NA,"W4-14",NA,"1a"
"212",706,"05/3",NA,"W4-15",NA,"2a"
"213",707,"05/4",NA,"T17-1",NA,"1a"
"214",708,"05/4",NA,"T17-2",NA,"1a"
"215",709,"05/4",NA,"T17-3",NA,"1a"
"216",710,"05/4",NA,"T17-4",NA,"2a"
"217",711,"05/G",NA,"T20-2",NA,"1a"
"218",712,"05/G",NA,"T20-1",NA,"2a"
"219",713,"05/5",NA,"Q31-2",NA,"1b"
"220",714,"05/5",NA,"Q31-1",NA,"1b"
"221",715,"05/5",NA,"R31-3",NA,"1a"
"222",716,"05/5",NA,"R31-4",NA,"2b"
"223",717,"05/5",NA,"S31-5",NA,"2b"
"224",718,"05/I",NA,"R32-1",NA,"1a"
"225",719,"05/I",NA,"S32-2",NA,"1a"
"226",730,"07/11","/0:24",NA,NA,NA
"227",731,"07/11","/0:25",NA,NA,NA
"228",732,"07/11","I/6:10",NA,NA,NA
"229",733,"07/11","I/6:11",NA,NA,NA
"230",734,"07/11","I/6:12",NA,NA,NA
"231",735,"07/11","I/6:13",NA,NA,NA
"232",736,"07/11","I/6:14",NA,NA,NA
"233",737,"07/11","I/6:15",NA,NA,NA
"234",738,"07/11","I/1:23",NA,NA,NA
"235",739,"07/11","I/1:48",NA,NA,NA
"236",740,"07/11","I/1:41",NA,NA,NA
"237",741,"07/11","I/1:32",NA,NA,NA
"238",742,"07/11","I/1:29",NA,NA,NA
"239",743,"07/11","I/1:47",NA,NA,NA
"240",744,"07/11","I/1:37",NA,NA,NA
"241",745,"07/11","I/1:44",NA,NA,NA
"242",746,"07/11","I/1:43",NA,NA,NA
"243",747,"07/11","I/1:40",NA,NA,NA
"244",748,"07/11","I/1:50",NA,NA,NA
"245",749,"07/11","I/1:34",NA,NA,NA
"246",750,"07/11","I/1:45",NA,NA,NA
"247",751,"07/11","I/1:49",NA,NA,NA
"248",752,"07/11","I/1:46",NA,NA,NA
"249",753,"07/11","I/1:38",NA,NA,NA
"250",754,"07/11","I/1:35",NA,NA,NA
"251",755,"07/11","I/1:39",NA,NA,NA
"252",756,"07/11","I/1:42",NA,NA,NA
"253",757,"07/11","I/4:11",NA,NA,NA
"254",758,"07/11","I/4:12",NA,NA,NA
"255",759,"07/11","I/4:13",NA,NA,NA
"256",760,"07/11","I/4:14",NA,NA,NA
"257",761,"07/11","I/4:15",NA,NA,NA
"258",762,"07/11","II/2b:34",NA,NA,NA
"259",763,"07/11","II/2b:65",NA,NA,NA
"260",764,"07/11","I/2:3",NA,NA,NA
"261",765,"07/11","II/2b:62",NA,NA,NA
"262",766,"07/11","II/2b:108",NA,NA,NA
"263",767,"07/11","II/2b:25","G11.2",NA,"3a"
"264",770,"07/11","II/2b:44",NA,NA,NA
"265",772,"07/11","I/3:10",NA,NA,NA
"266",774,"07/11","II/2b:121",NA,NA,NA
"267",775,"07/11","I/3:12",NA,NA,NA
"268",776,"07/11","II/2b:59",NA,NA,NA
"269",777,"07/11","/0:2",NA,NA,NA
"270",778,"07/11","II/2b:75",NA,NA,NA
"271",780,"07/11","I/3:2",NA,NA,"3b"
"272",781,"07/11","II/2b:52",NA,NA,"3b"
"273",782,"07/11","II/2c:1","G11.4",NA,"3a"
"274",783,"07/11","II/2b:99",NA,NA,NA
"275",785,"07/11","II/2b:57",NA,NA,NA
"276",786,"07/11","II/2b:96",NA,NA,NA
"277",789,"07/11","II/2b:45",NA,NA,NA
"278",790,"07/11","II/2b:72",NA,NA,NA
"279",791,"07/11","II/2b:135",NA,NA,NA
"280",793,"07/13","II/4:21",NA,NA,"1c"
"281",794,"07/13","II/4:4",NA,NA,"2a"
"282",795,"07/13","II/4:12",NA,NA,"2a"
"283",796,"07/13","II/4:17",NA,NA,"2a"
"284",797,"07/13","II/3a:1",NA,NA,NA
"285",799,"07/13","II/4:32",NA,NA,NA
"286",800,"07/13","II/4:36",NA,NA,NA
"287",803,"07/13","II/4:38",NA,NA,NA
"288",804,"07/13","I/5:7",NA,NA,NA
"289",805,"07/13","II/3a:8",NA,NA,NA
"290",806,"07/13","I/5:1","G13.2",NA,"2a"
"291",807,"07/13","II/4:2","G13.3",NA,"1c"
"292",808,"07/13","II/4:198",NA,NA,NA
"293",809,"07/13","I/1:12",NA,NA,NA
"294",810,"07/13","I/2:7",NA,NA,NA
"295",811,"07/13","I/1:3",NA,NA,"2a"
"296",812,"07/13","II/4:52",NA,NA,"1c"
"297",813,"07/13","I/1:2",NA,NA,"2a"
"298",815,"07/13","II/4:124",NA,NA,NA
"299",817,"07/13","II/4:37",NA,NA,NA
"300",818,"07/13","II/4:3","G13.4",NA,"2"
"301",820,"07/13","II/4:41",NA,NA,NA
"302",821,"07/13","II/3a:24",NA,NA,NA
"303",822,"07/13","II/4:175",NA,NA,NA
"304",823,"07/13","II/4:123",NA,NA,NA
"305",824,"07/13","II/4:45",NA,NA,NA
"306",826,"07/11","II/2b:1","G11.1",NA,"3a"
"307",828,"07/13","II/4:55",NA,NA,NA
"308",829,"07/13","I/1:27",NA,NA,NA
"309",830,"07/13","I/2:1",NA,NA,NA
"310",831,"07/13","II/3a:26",NA,NA,NA
"311",832,"07/13","II/4:66",NA,NA,NA
"312",833,"07/13","II/4:139",NA,NA,NA
"313",834,"07/11","II/2c:8",NA,NA,NA
"314",835,"07/13","II/4:31",NA,NA,NA
"315",836,"07/11","II/2b:107",NA,NA,NA
"316",837,"07/13","II/4:72",NA,NA,NA
"317",838,"07/11","I/5:2",NA,NA,NA
"318",839,"07/11","II/2a&2b:1",NA,NA,NA
"319",840,"07/11","II/2b:204",NA,NA,NA
"320",841,"07/11","II/2b:53",NA,NA,NA
"321",842,"07/11","I/3:8",NA,NA,NA
"322",843,"07/11","I/3:9",NA,NA,NA
"323",844,"07/11","II/2b:74",NA,NA,NA
"324",845,"07/11","I/6:1",NA,NA,NA
"325",846,"07/11","II/2b:50",NA,NA,NA
"326",847,"07/11","II/2b:63",NA,NA,NA
"327",848,"07/11","I/2:4",NA,NA,NA
"328",849,"07/11","II/2b:83",NA,NA,NA
"329",850,"07/11","I/3:11",NA,NA,NA
"330",851,"07/11","II/2b:238",NA,NA,NA
"331",852,"07/11","II/2b:108",NA,NA,NA
"332",853,"07/11","II/2b:163",NA,NA,NA
"333",854,"07/11","II/2b:68",NA,NA,NA
"334",855,"07/11","II/2b:42",NA,NA,NA
"335",856,"07/11","I/5:1",NA,NA,NA
"336",857,"07/11","II/2b:82",NA,NA,NA
"337",858,"07/11","/0:1",NA,NA,NA
"338",859,"07/11","II/2b:76",NA,NA,NA
"339",860,"07/11","II/2b:60",NA,NA,NA
"340",861,"07/11","I/2:1",NA,NA,NA
"341",862,"07/11","I/4:1",NA,NA,NA
"342",863,"07/11","II/2b:49",NA,NA,NA
"343",864,"07/11","I/3:3",NA,NA,NA
"344",865,"07/11","I/1:2",NA,NA,NA
"345",866,"07/11","I/1:5",NA,NA,NA
"346",867,"07/11","I/1:16",NA,NA,NA
"347",868,"07/11","I/2:2",NA,NA,NA
"348",869,"07/11","I/2:7",NA,NA,NA
"349",870,"07/11","I/2:16",NA,NA,NA
"350",871,"07/11","I/2:17",NA,NA,NA
"351",872,"07/11","I/2:19",NA,NA,NA
"352",873,"07/11","II/2b:41",NA,NA,NA
"353",874,"07/11","I/1:1",NA,NA,NA
"354",875,"07/11","II/2b:53",NA,NA,NA
"355",876,"07/11","II/2b:51",NA,NA,NA
"356",877,"07/11","II/2b:43",NA,NA,NA
"357",878,"07/11","I/3:5",NA,NA,NA
"358",879,"07/11","I/1:6",NA,NA,NA
"359",880,"07/11","I/2:13",NA,NA,NA
"360",881,"07/11","I/1:18",NA,NA,NA
"361",882,"07/11","II/2b:70",NA,NA,NA
"362",883,"07/11","II/2b:54",NA,NA,NA
"363",884,"07/11","I/2:12",NA,NA,NA
"364",885,"07/11","II/2b:66",NA,NA,NA
"365",886,"07/11","I/1:8",NA,NA,NA
"366",887,"07/11","II/2b:104",NA,NA,NA
"367",888,"07/11","II/2b:69",NA,NA,NA
"368",889,"07/11","I/1:12",NA,NA,NA
"369",890,"07/11","I/1:19",NA,NA,NA
"370",891,"07/11","II/2b:71",NA,NA,NA
"371",892,"07/11","I/1:14",NA,NA,NA
"372",893,"07/11","II/2b:103",NA,NA,NA
"373",894,"07/11","I/1:13",NA,NA,NA
"374",895,"07/11","II/2c:7",NA,NA,NA
"375",896,"07/11","I/1:27",NA,NA,NA
"376",897,"07/11","II/2b:123",NA,NA,NA
"377",898,"07/11","II/2b:127",NA,NA,NA
"378",899,"07/11","I/1:22",NA,NA,NA
"379",900,"07/11","II/2b:141",NA,NA,NA
"380",901,"07/11","II/2b:137",NA,NA,NA
"381",902,"07/11","I/1:24",NA,NA,NA
"382",903,"07/11","II/2b:125",NA,NA,NA
"383",904,"07/11","I/1:28",NA,NA,NA
"384",905,"07/11","II/2b:198",NA,NA,NA
"385",906,"07/11","II/2b:201",NA,NA,NA
"386",907,"07/11","II/2b:192",NA,NA,NA
"387",908,"07/11","II/2b:130",NA,NA,NA
"388",909,"07/11","I/1:36",NA,NA,NA
"389",910,"07/11","II/2b:197",NA,NA,NA
"390",911,"07/11","I/1:4",NA,NA,NA
"391",912,"07/11","II/2b:102",NA,NA,NA
"392",913,"07/11","I/1:3",NA,NA,NA
"393",914,"07/11","II/2b:61",NA,NA,NA
"394",915,"07/11","II/2b:64",NA,NA,NA
"395",916,"07/11","II/2b:91",NA,NA,NA
"396",917,"07/11","I/2:9",NA,NA,NA
"397",918,"07/11","II/2b:98",NA,NA,NA
"398",919,"07/11","I/3:14",NA,NA,NA
"399",920,"07/11","II/2b:81",NA,NA,NA
"400",921,"07/11","I/1:15",NA,NA,NA
"401",922,"07/11","II/2b:88",NA,NA,NA
"402",923,"07/11","I/2:10",NA,NA,NA
"403",924,"07/11","I/1:21",NA,NA,NA
"404",925,"07/11","II/2b:97",NA,NA,NA
"405",926,"07/11","I/1:10",NA,NA,NA
"406",927,"07/11","I/3:15",NA,NA,NA
"407",928,"07/11","II/2b:84",NA,NA,NA
"408",929,"07/11","II/2b:95",NA,NA,NA
"409",930,"07/11","I/2:14",NA,NA,NA
"410",931,"07/11","I/1:9",NA,NA,NA
"411",932,"07/11","II/2b:117",NA,NA,NA
"412",933,"07/11","II/2b:106",NA,NA,NA
"413",934,"07/11","I/1:7",NA,NA,NA
"414",935,"07/11","I/2:8",NA,NA,NA
"415",936,"07/11","II/2b:165",NA,NA,NA
"416",937,"07/11","I/2:6",NA,NA,NA
"417",938,"07/11","II/2b:92",NA,NA,NA
"418",939,"07/11","II/2c:5",NA,NA,NA
"419",940,"07/11","I/1:20",NA,NA,NA
"420",941,"07/11","II/2b:146",NA,NA,NA
"421",942,"07/11","I/1:11",NA,NA,NA
"422",943,"07/11","II/2b:33",NA,NA,NA
"423",944,"07/11","II/2b:67",NA,NA,NA
"424",945,"07/11","II/2b:105",NA,NA,NA
"425",946,"07/11","I/4:2",NA,NA,NA
"426",947,"07/11","II/2b:101",NA,NA,NA
"427",948,"07/11","I/6:4",NA,NA,NA
"428",949,"07/11","II/2b:110",NA,NA,NA
"429",950,"07/11","I/1:17",NA,NA,NA
"430",951,"07/11","I/3:13",NA,NA,NA
"431",952,"07/11","I/4:4",NA,NA,NA
"432",953,"07/11","I/2:22",NA,NA,NA
"433",954,"07/11","I/2:21",NA,NA,NA
"434",955,"07/11","I/4:3",NA,NA,NA
"435",956,"07/11","II/2b:116",NA,NA,NA
"436",957,"07/11","I/2:25",NA,NA,NA
"437",958,"07/11","II/2b:113",NA,NA,NA
"438",959,"07/11","II/2b:112",NA,NA,NA
"439",960,"07/11","II/2b:119",NA,NA,NA
"440",961,"07/11","II/2b:128",NA,NA,NA
"441",962,"07/11","I/6:2",NA,NA,NA
"442",963,"07/11","II/2b:115",NA,NA,NA
"443",964,"07/11","I/6:8",NA,NA,NA
"444",965,"07/11","II/2b:126",NA,NA,NA
"445",966,"07/11","II/2b:122",NA,NA,NA
"446",967,"07/11","II/2b:140",NA,NA,NA
"447",968,"07/11","I/k.a.:2",NA,NA,NA
"448",969,"07/11","II/2b:131",NA,NA,NA
"449",970,"07/11","I/4:6",NA,NA,NA
"450",971,"07/11","I/4:10",NA,NA,NA
"451",972,"07/11","I/4:5",NA,NA,NA
"452",973,"07/11","I/1:31",NA,NA,NA
"453",974,"07/11","/0:3",NA,NA,NA
"454",975,"07/11","/0:5",NA,NA,NA
"455",976,"07/11","/0:6",NA,NA,NA
"456",977,"07/11","/0:4",NA,NA,NA
"457",978,"07/11","/0:16",NA,NA,NA
"458",979,"07/11","/0:12",NA,NA,NA
"459",980,"07/11","/0:7",NA,NA,NA
"460",981,"07/11","/0:15",NA,NA,NA
"461",982,"07/11","/0:8",NA,NA,NA
"462",983,"07/11","/0:10",NA,NA,NA
"463",984,"07/11","/0:11",NA,NA,NA
"464",985,"07/11","/0:9",NA,NA,NA
"465",986,"07/11","/0:18",NA,NA,NA
"466",987,"07/11","/0:13",NA,NA,NA
"467",988,"07/11","/0:17",NA,NA,NA
"468",989,"07/11","/0:20",NA,NA,NA
"469",990,"07/11","/0:14",NA,NA,NA
"470",991,"07/11","/0:19",NA,NA,NA
"471",992,"07/11","/0:21",NA,NA,NA
"472",993,"07/11","/0:22",NA,NA,NA
"473",994,"07/11","/0:23",NA,NA,NA
"474",995,"07/11","II/2b:100",NA,NA,NA
"475",996,"07/11","II/2b:86",NA,NA,NA
"476",997,"07/11","II/2b:94",NA,NA,NA
"477",998,"07/11","II/2b:145",NA,NA,NA
"478",999,"07/11","I/2:25",NA,NA,NA
"479",1000,"07/11","II/2b:164",NA,NA,NA
"480",1001,"07/11","II/2b:147",NA,NA,NA
"481",1002,"07/11","II/2b:142",NA,NA,NA
"482",1003,"07/11","II/2b:149",NA,NA,NA
"483",1004,"07/11","II/2c:6",NA,NA,NA
"484",1005,"07/11","II/2b:144",NA,NA,NA
"485",1006,"07/11","II/2b:120",NA,NA,NA
"486",1007,"07/11","II/2b:158",NA,NA,NA
"487",1008,"07/11","II/2b:154",NA,NA,NA
"488",1009,"07/11","II/2b:118",NA,NA,NA
"489",1010,"07/11","II/2b:155",NA,NA,NA
"490",1011,"07/11","II/2b:148",NA,NA,NA
"491",1012,"07/11","II/2b:124",NA,NA,NA
"492",1013,"07/11","II/2b:151",NA,NA,NA
"493",1014,"07/11","II/2b:173",NA,NA,NA
"494",1015,"07/11","II/2b:179",NA,NA,NA
"495",1016,"07/11","II/2b:160",NA,NA,NA
"496",1017,"07/11","II/2b:139",NA,NA,NA
"497",1018,"07/11","I/1:26",NA,NA,NA
"498",1019,"07/11","II/2b:172",NA,NA,NA
"499",1020,"07/11","II/2b:157",NA,NA,NA
"500",1021,"07/11","II/2b:161",NA,NA,NA
"501",1022,"07/11","II/2b:214",NA,NA,NA
"502",1023,"07/11","II/2c:11",NA,NA,NA
"503",1024,"07/11","I/1:33",NA,NA,NA
"504",1025,"07/11","II/2b:152",NA,NA,NA
"505",1026,"07/11","II/2b:153",NA,NA,NA
"506",1027,"07/11","II/2b:135",NA,NA,NA
"507",1028,"07/11","II/2b:212",NA,NA,NA
"508",1029,"07/11","II/2b:224",NA,NA,NA
"509",1030,"07/11","II/2b:171",NA,NA,NA
"510",1031,"07/11","I/4:9",NA,NA,NA
"511",1032,"07/11","II/2b:211",NA,NA,NA
"512",1033,"07/11","II/2b:200",NA,NA,NA
"513",1034,"07/11","II/2b:219",NA,NA,NA
"514",1035,"07/11","II/2b:180",NA,NA,NA
"515",1036,"07/11","II/2b:132",NA,NA,NA
"516",1037,"07/11","II/2b:188",NA,NA,NA
"517",1038,"07/11","II/2b:193",NA,NA,NA
"518",1039,"07/11","II/2b:206",NA,NA,NA
"519",1040,"07/11","II/2b:185",NA,NA,NA
"520",1041,"07/11","I/5:3",NA,NA,NA
"521",1042,"07/11","Ii/2b:196",NA,NA,NA
"522",1043,"07/11","II/2b:119",NA,NA,NA
"523",1044,"07/11","II/2b:213",NA,NA,NA
"524",1045,"07/11","I/6:7",NA,NA,NA
"525",1046,"07/11","I/1:30",NA,NA,NA
"526",1047,"07/11","II/2b:150",NA,NA,NA
"527",1048,"07/11","II/2b:189",NA,NA,NA
"528",1049,"07/11","II/2b:156",NA,NA,NA
"529",1050,"07/11","II/2b:169",NA,NA,NA
"530",1051,"07/11","II/2b:138",NA,NA,NA
"531",1052,"07/11","II/2b:181",NA,NA,NA
"532",1053,"07/11","I/4:7",NA,NA,NA
"533",1054,"07/11","II/2b:168",NA,NA,NA
"534",1055,"07/11","II/2b:136",NA,NA,NA
"535",1056,"07/11","II/2c:10",NA,NA,NA
"536",1057,"07/11","II/2b:217",NA,NA,NA
"537",1058,"07/11","II/2b:228",NA,NA,NA
"538",1059,"07/11","II/2b:183",NA,NA,NA
"539",1060,"07/11","II/2b:203",NA,NA,NA
"540",1061,"07/11","II/2c:19",NA,NA,NA
"541",1062,"07/11","II/2b:133",NA,NA,NA
"542",1063,"07/11","II/2b:190",NA,NA,NA
"543",1064,"07/11","II/2c:12",NA,NA,NA
"544",1065,"07/11","I/6:3",NA,NA,NA
"545",1066,"07/11","II/2b:215",NA,NA,NA
"546",1067,"07/11","II/2b:170",NA,NA,NA
"547",1068,"07/11","II/2b:184",NA,NA,NA
"548",1069,"07/11","II/2b:174",NA,NA,NA
"549",1070,"07/11","II/2b:159",NA,NA,NA
"550",1071,"07/11","I/4:3 od 8 od 9?",NA,NA,NA
"551",1072,"07/11","II/2b:182",NA,NA,NA
"552",1073,"07/11","II/2b:220",NA,NA,NA
"553",1074,"07/11","II/2c:15",NA,NA,NA
"554",1075,"07/11","II/2b:205",NA,NA,NA
"555",1076,"07/11","II/2b:186",NA,NA,NA
"556",1077,"07/11","II/2b:178",NA,NA,NA
"557",1078,"07/11","II/2b:191",NA,NA,NA
"558",1079,"07/11","II/2b:187",NA,NA,NA
"559",1080,"07/11","II/2b:167",NA,NA,NA
"560",1081,"07/11","II/2b:208",NA,NA,NA
"561",1082,"07/11","II/2c:18",NA,NA,NA
"562",1083,"07/11","II/2b:226",NA,NA,NA
"563",1084,"07/11","II/2b:176",NA,NA,NA
"564",1085,"07/11","II/2b:231",NA,NA,NA
"565",1086,"07/11","II/2b:166",NA,NA,NA
"566",1087,"07/11","II/2b:209",NA,NA,NA
"567",1088,"07/11","II/2c:20",NA,NA,NA
"568",1089,"07/11","II/2B:210",NA,NA,NA
"569",1090,"07/11","I/3:16",NA,NA,NA
"570",1091,"07/11","II/2b:202",NA,NA,NA
"571",1092,"07/11","I/6:6",NA,NA,NA
"572",1093,"07/11","II/2b:218",NA,NA,NA
"573",1094,"07/11","II/2c:21",NA,NA,NA
"574",1095,"07/11","II/2b:230",NA,NA,NA
"575",1096,"07/11","II/2b:222",NA,NA,NA
"576",1097,"07/11","II/2b:229",NA,NA,NA
"577",1098,"07/11","II/2b:207",NA,NA,NA
"578",1099,"07/11","II/2b:234",NA,NA,NA
"579",1100,"07/11","II/2b:216",NA,NA,NA
"580",1101,"07/11","II/2b:223",NA,NA,NA
"581",1102,"07/11","II/2b:225",NA,NA,NA
"582",1103,"07/11","II/2b:194",NA,NA,NA
"583",1104,"07/11","II/2b:237",NA,NA,NA
"584",1105,"07/11","II/2b:236",NA,NA,NA
"585",1106,"07/11","II/2b:233",NA,NA,NA
"586",1107,"07/11","I/2:20",NA,NA,NA
"587",1108,"07/11","I/2:18",NA,NA,NA
"588",1109,"07/11","I/2:29",NA,NA,NA
"589",1110,"07/11","I/2:27",NA,NA,NA
"590",1111,"07/11","I/2:31",NA,NA,NA
"591",1112,"07/11","I/2:28",NA,NA,NA
"592",1113,"07/11","I/2:30",NA,NA,NA
"593",1114,"07/11","I/1:52",NA,NA,NA
"594",1115,"07/11","I/1:53",NA,NA,NA
"595",1116,"07/11","I/1:55",NA,NA,NA
"596",1117,"07/11","I/1:56",NA,NA,NA
"597",1118,"07/11","I/1:57",NA,NA,NA
"598",1119,"07/11","I/1:58",NA,NA,NA
"599",1120,"07/11","I/1:59",NA,NA,NA
"600",1121,"07/11","I/1:60",NA,NA,NA
"601",1122,"07/11","I/1:61",NA,NA,NA
"602",1123,"07/11","I/1:62",NA,NA,NA
"603",1124,"07/11","I/1:63",NA,NA,NA
"604",1125,"07/11","I/1:64",NA,NA,NA
"605",1126,"07/11","I/1:65",NA,NA,NA
"606",1127,"07/11","I/1:66",NA,NA,NA
"607",1128,"07/11","I/1:67",NA,NA,NA
"608",1129,"07/11","I/1:68",NA,NA,NA
"609",1130,"07/11","I/1:69",NA,NA,NA
"610",1131,"07/11","I/1:70",NA,NA,NA
"611",1132,"07/11","I/1:71",NA,NA,NA
"612",1133,"07/11","I/1:72",NA,NA,NA
"613",1134,"07/11","I/1:73",NA,NA,NA
"614",1135,"07/11","I/1:74",NA,NA,NA
"615",1136,"07/11","I/1:75",NA,NA,NA
"616",1137,"07/13","II/4:109",NA,NA,NA
"617",1138,"07/13","II/3b:4",NA,NA,NA
"618",1139,"07/13","I/5:4",NA,NA,NA
"619",1140,"07/13","I/6:1",NA,NA,NA
"620",1141,"07/13","II/2a+2b:6",NA,NA,NA
"621",1142,"07/13","II/2a+2b:4",NA,NA,NA
"622",1143,"07/13","I/6:6",NA,NA,NA
"623",1144,"07/13","I/6:4",NA,NA,NA
"624",1145,"07/13","I/1:29",NA,NA,NA
"625",1146,"07/13","I/2:9",NA,NA,NA
"626",1147,"07/13","I/1:15",NA,NA,NA
"627",1148,"07/13","I/5:8",NA,NA,NA
"628",1149,"07/13","I/6:7",NA,NA,NA
"629",1150,"07/13","I/PV:2",NA,NA,NA
"630",1151,"07/13","II/2a+2b:8",NA,NA,NA
"631",1152,"07/13","I/2:10",NA,NA,NA
"632",1153,"07/13","I/6:11",NA,NA,NA
"633",1154,"07/13","I/6:8",NA,NA,NA
"634",1155,"07/13","I/5:11",NA,NA,NA
"635",1156,"07/13","I/6:2",NA,NA,NA
"636",1157,"07/13","II/3b:11",NA,NA,NA
"637",1158,"07/13","I/6:10",NA,NA,NA
"638",1159,"07/13","I/6:3",NA,NA,NA
"639",1160,"07/13","II/3b:12",NA,NA,NA
"640",1161,"07/13","I/2:12",NA,NA,NA
"641",1162,"07/13","I/2:11",NA,NA,NA
"642",1163,"07/13","I/6:9",NA,NA,NA
"643",1164,"07/13","I/6:12",NA,NA,NA
"644",1165,"07/13","I/6:20",NA,NA,NA
"645",1166,"07/13","I/6:5",NA,NA,NA
"646",1167,"07/13","I/2:16",NA,NA,NA
"647",1168,"07/13","I/6:14",NA,NA,NA
"648",1169,"07/13","I/6:17",NA,NA,NA
"649",1170,"07/13","II/2a+2b:3",NA,NA,NA
"650",1171,"07/13","I/6:18",NA,NA,NA
"651",1172,"07/13","I/6:13",NA,NA,NA
"652",1173,"07/13","I/2:14",NA,NA,NA
"653",1174,"07/13","I/6:21",NA,NA,NA
"654",1175,"07/13","I/2:17",NA,NA,NA
"655",1176,"07/13","I/2:13",NA,NA,NA
"656",1177,"07/13","I/6:23",NA,NA,NA
"657",1178,"07/13","I/6:26",NA,NA,NA
"658",1179,"07/13","I/6:22",NA,NA,NA
"659",1180,"07/13","I/6:24",NA,NA,NA
"660",1181,"07/13","I/6:15",NA,NA,NA
"661",1182,"07/13","I/6:16",NA,NA,NA
"662",1183,"07/13","I/6:19",NA,NA,NA
"663",1184,"07/13","II/4:48",NA,NA,NA
"664",1185,"07/13","II/4:197",NA,NA,NA
"665",1186,"07/13","II/4:6",NA,NA,NA
"666",1187,"07/13","II/4:67",NA,NA,NA
"667",1188,"07/13","II/4:113",NA,NA,NA
"668",1189,"07/13","II/4:87",NA,NA,NA
"669",1190,"07/13","II/4:49",NA,NA,NA
"670",1191,"07/13","II/4:69",NA,NA,NA
"671",1192,"07/13","II/4:165",NA,NA,NA
"672",1193,"07/13","II/4:57",NA,NA,NA
"673",1194,"07/13","II/4:63",NA,NA,NA
"674",1195,"07/13","II/4:91",NA,NA,NA
"675",1196,"07/13","II/4:61",NA,NA,NA
"676",1197,"07/13","II/4:59",NA,NA,NA
"677",1198,"07/13","II/4:128",NA,NA,NA
"678",1199,"07/13","II/4:119",NA,NA,NA
"679",1200,"07/13","II/4:97",NA,NA,NA
"680",1201,"07/13","II/4:85",NA,NA,NA
"681",1202,"07/13","II/4:100",NA,NA,NA
"682",1203,"07/13","II/4:108",NA,NA,NA
"683",1204,"07/13","II/4:93",NA,NA,NA
"684",1205,"07/13","II/4:117",NA,NA,NA
"685",1206,"07/13","II/4:110",NA,NA,NA
"686",1207,"07/13","II/4:90",NA,NA,NA
"687",1208,"07/13","II/4:98",NA,NA,NA
"688",1209,"07/13","II/4:156",NA,NA,NA
"689",1210,"07/13","II/4:54",NA,NA,NA
"690",1211,"07/13","II/4:140",NA,NA,NA
"691",1212,"07/13","II/4:122",NA,NA,NA
"692",1213,"07/13","II/4:107",NA,NA,NA
"693",1214,"07/13","II/4:60",NA,NA,NA
"694",1215,"07/13","II/4:89",NA,NA,NA
"695",1216,"07/13","II/4:115",NA,NA,NA
"696",1217,"07/13","II/4:112",NA,NA,NA
"697",1218,"07/13","II/4:147",NA,NA,NA
"698",1219,"07/13","II/4:137",NA,NA,NA
"699",1220,"07/13","II/4:86",NA,NA,NA
"700",1221,"07/13","II/4:183",NA,NA,NA
"701",1222,"07/13","II/4:161",NA,NA,NA
"702",1223,"07/13","II/4:174",NA,NA,NA
"703",1224,"07/13","II/4:118",NA,NA,NA
"704",1225,"07/13","II/4:94",NA,NA,NA
"705",1226,"07/13","II/4:189",NA,NA,NA
"706",1227,"07/13","II/4:172",NA,NA,NA
"707",1228,"07/13","II/4:138",NA,NA,NA
"708",1229,"07/13","II/4:143",NA,NA,NA
"709",1230,"07/13","II/4:105",NA,NA,NA
"710",1231,"07/13","II/4:141",NA,NA,NA
"711",1232,"07/13","II/4:130",NA,NA,NA
"712",1233,"07/13","II/4:1",NA,NA,NA
"713",1234,"07/13","II/4:164",NA,NA,NA
"714",1235,"07/13","II/4:163",NA,NA,NA
"715",1236,"07/13","II/4:145",NA,NA,NA
"716",1237,"07/13","II/4:114",NA,NA,NA
"717",1238,"07/13","II/4:186",NA,NA,NA
"718",1239,"07/13","II/4:168",NA,NA,NA
"719",1240,"07/13","II/4:181",NA,NA,NA
"720",1241,"07/13","II/4:159",NA,NA,NA
"721",1242,"07/13","II/4:162",NA,NA,NA
"722",1243,"07/13","II/4:46",NA,NA,NA
"723",1244,"07/13","II/4:188",NA,NA,NA
"724",1245,"07/13","II/4:146",NA,NA,NA
"725",1246,"07/13","II/4:125",NA,NA,NA
"726",1247,"07/13","II/4:135",NA,NA,NA
"727",1248,"07/13","II/4:101",NA,NA,NA
"728",1249,"07/13","II/4:178",NA,NA,NA
"729",1250,"07/13","II/4:191",NA,NA,NA
"730",1251,"07/13","II/4:160",NA,NA,NA
"731",1252,"07/13","II/4:187",NA,NA,NA
"732",1253,"07/13","II/4:152",NA,NA,NA
"733",1254,"07/13","II/4:134",NA,NA,NA
"734",1255,"07/13","II/4:184",NA,NA,NA
"735",1256,"07/13","II/4:193",NA,NA,NA
"736",1257,"07/13","II/4:167",NA,NA,NA
"737",1258,"07/13","II/4:196",NA,NA,NA
"738",1259,"07/13","II/4:126",NA,NA,NA
"739",1260,"07/13","II/4:157",NA,NA,NA
"740",1261,"07/13","II/4:194",NA,NA,NA
"741",1262,"07/13","II/4:144",NA,NA,NA
"742",1263,"07/13","II/4:158",NA,NA,NA
"743",1264,"07/13","II/4:180",NA,NA,NA
"744",1265,"07/13","II/4:76",NA,NA,NA
"745",1266,"07/13","II/4:78",NA,NA,NA
"746",1267,"07/13","II/4:148",NA,NA,NA
"747",1268,"07/13","II/4:131",NA,NA,NA
"748",1269,"07/13","II/4:176",NA,NA,NA
"749",1270,"07/13","II/4:149",NA,NA,NA
"750",1271,"07/13","II/4:142",NA,NA,NA
"751",1272,"07/13","II/4:179",NA,NA,NA
"752",1273,"07/13","II/4:155",NA,NA,NA
"753",1274,"07/13","II/4:166",NA,NA,NA
"754",1275,"07/13","II/4:150",NA,NA,NA
"755",1276,"07/13","II/4:153",NA,NA,NA
"756",1277,"07/13","II/4:177",NA,NA,NA
"757",1278,"07/13","II/4:173",NA,NA,NA
"758",1279,"07/13","II/4:169",NA,NA,NA
"759",1280,"07/13","II/4:170",NA,NA,NA
"760",1281,"07/13","II/4:154",NA,NA,NA
"761",1282,"07/13","II/4:195",NA,NA,NA
"762",1283,"07/13","II/4:182",NA,NA,NA
"763",1284,"07/13","II/4:82",NA,NA,NA
"764",1285,"07/13","II/4:185",NA,NA,NA
"765",1286,"07/13","II/4:127",NA,NA,NA
"766",1287,"07/13","II/4:136",NA,NA,NA
"767",1288,"07/13","II/4:40",NA,NA,NA
"768",1289,"07/13","II/4:77",NA,NA,NA
"769",1290,"07/13","II/4:80",NA,NA,NA
"770",1291,"07/13","II/3a:10",NA,NA,NA
"771",1292,"07/13","II/3a:7",NA,NA,NA
"772",1293,"07/13","II/3a:11",NA,NA,NA
"773",1294,"07/13","II/3a:3",NA,NA,NA
"774",1295,"07/13","II/3a:4",NA,NA,NA
"775",1296,"07/13","II/3a:9",NA,NA,NA
"776",1297,"07/13","II/3a:18",NA,NA,NA
"777",1298,"07/13","II/3a:19",NA,NA,NA
"778",1299,"07/13","II/3a:32",NA,NA,NA
"779",1300,"07/13","II/3a:31",NA,NA,NA
"780",1301,"07/13","II/3a:13",NA,NA,NA
"781",1302,"07/13","II/3a:28",NA,NA,NA
"782",1303,"07/13","II/3a:16",NA,NA,NA
"783",1304,"07/13","II/3a:30",NA,NA,NA
"784",1305,"07/13","I/1:35",NA,NA,NA
"785",1306,"07/13","II/3a:20",NA,NA,NA
"786",1307,"07/13","II/3a:12",NA,NA,NA
"787",1308,"07/13","II/3a:23",NA,NA,NA
"788",1309,"07/13","II/3a:15",NA,NA,NA
"789",1310,"07/13","II/3a:17",NA,NA,NA
"790",1311,"07/13","II/3a:22",NA,NA,NA
"791",1312,"07/13","II/3a:34",NA,NA,NA
"792",1313,"07/13","II/3a:21",NA,NA,NA
"793",1314,"07/13","II/3a:29",NA,NA,NA
"794",1315,"07/13","II/3a:33",NA,NA,NA
"795",1316,"07/13","I/1:36",NA,NA,NA
"796",1317,"07/13","II/4:200",NA,NA,NA
"797",1318,"07/13","II/4:203",NA,NA,NA
"798",1319,"07/13","II/4:201",NA,NA,NA
"799",1320,"07/11","I/3:4",NA,NA,NA
"800",1321,"07/11","I/3:7",NA,NA,NA
"801",1322,"07/13","II/4:64",NA,NA,NA
"802",1323,"07/13","II/4:14",NA,NA,NA
"803",1324,"07/13","II/4:120",NA,NA,NA
"804",1325,"07/13","II/4:15",NA,NA,NA
"805",1326,"07/13","II/4:103",NA,NA,NA
"806",1327,"07/13","II/2a+2b:5",NA,NA,NA
"807",1328,"07/13","II/4:75",NA,NA,NA
"808",1329,"07/13","I/1:26",NA,NA,NA
"809",1330,"07/13","II/4:58",NA,NA,NA
"810",1331,"07/13","II/4:104",NA,NA,NA
"811",1332,"07/13","II/4:171",NA,NA,NA
"812",1333,"07/13","II/4:84",NA,NA,NA
"813",1334,"07/13","II/4:132",NA,NA,NA
"814",1335,"07/13","II/4:121",NA,NA,NA
"815",1336,"07/13","i/2:6",NA,NA,NA
"816",1337,"07/13","II/4:16",NA,NA,NA
"817",1338,"07/13","I/2:5",NA,NA,NA
"818",1339,"07/13","II/2a+2b:2",NA,NA,NA
"819",1340,"07/13","I/1:17",NA,NA,NA
"820",1341,"07/13","II/3a:5",NA,NA,NA
"821",1342,"07/13","II/4:62",NA,NA,NA
"822",1343,"07/13","I/1:8",NA,NA,NA
"823",1344,"07/13","II/4:88",NA,NA,NA
"824",1345,"07/13","I/1:31",NA,NA,NA
"825",1346,"07/13","I/1:28",NA,NA,NA
"826",1347,"07/13","I/1:25",NA,NA,NA
"827",1348,"07/13","II/4:65",NA,NA,NA
"828",1349,"07/13","II/4:129",NA,NA,NA
"829",1350,"07/13","I/1:6",NA,NA,NA
"830",1351,"07/13","II/4:151",NA,NA,NA
"831",1352,"07/13","II/4:190",NA,NA,NA
"832",1353,"07/13","I/1:10",NA,NA,NA
"833",1354,"07/13","I/1:23",NA,NA,NA
"834",1355,"07/13","I/1:14",NA,NA,NA
"835",1356,"07/13","II/4:92",NA,NA,NA
"836",1357,"07/13","I/1:11",NA,NA,NA
"837",1358,"07/13","I/1:18",NA,NA,NA
"838",1359,"07/13","II/4:116",NA,NA,NA
"839",1360,"07/13","I/1:20",NA,NA,NA
"840",1361,"07/13","I/1:19",NA,NA,NA
"841",1362,"07/13","I/1:30",NA,NA,NA
"842",1363,"07/13","I/1:24",NA,NA,NA
"843",1364,"07/13","I/1:22",NA,NA,NA
"844",1365,"07/13","I/1:32",NA,NA,NA
"845",1366,"07/13","I/1:21",NA,NA,NA
"846",1367,"07/13","II/4:204",NA,NA,NA
"847",1368,"07/13","I/2:8",NA,NA,NA
"848",1369,"07/13","I/1:7",NA,NA,NA
"849",1370,"07/13","II/3a:27",NA,NA,NA
"850",1371,"07/13","II/4:42",NA,NA,NA
"851",1372,"07/13","II/4:51",NA,NA,NA
"852",1373,"07/13","II/4:53",NA,NA,NA
"853",1374,"07/13","II/4:68",NA,NA,NA
"854",1375,"07/13","II/4:192",NA,NA,NA
"855",1376,"07/11","I/2:5",NA,NA,NA
"856",1377,"07/11","I/6:5",NA,NA,NA
"857",1378,"07/11","II/2b:93",NA,NA,NA
"858",1379,"07/11","II/2b:134",NA,NA,NA
"859",1380,"07/11","II/2b:177",NA,NA,NA
"860",1381,"07/11","II/2b:232",NA,NA,NA
"861",1382,"07/13","I/PV:1",NA,NA,NA
"862",1383,"07/13","II/2a+2b:1",NA,NA,NA
"863",1384,"07/13","II/2a+2b:7",NA,NA,NA
"864",1385,"07/13","II/3a:6",NA,NA,NA
"865",1386,"07/13","II/4:81",NA,NA,NA
"866",1387,"07/13","II/4:96",NA,NA,NA
"867",1388,"07/13","II/4:106",NA,NA,NA
"868",1389,"07/13","II/4:111",NA,NA,NA
"869",1390,"07/13","II/4:",NA,NA,NA
"870",1391,"07/13","II/4:",NA,NA,NA
"871",1392,"07/13","II/4:",NA,NA,NA
"872",1393,"07/13","II/4:",NA,NA,NA
"873",1394,"07/13","II/4:",NA,NA,NA
"874",1395,"07/13","II/4:",NA,NA,NA
"875",1396,"07/13","II/4:x",NA,NA,NA
"876",1397,"07/13","II/4:",NA,NA,NA
"877",1398,"07/13","II/4:",NA,NA,NA
"878",1399,"07/13","II/4:",NA,NA,NA
"879",1400,"07/13","II/4:",NA,NA,NA
"880",1401,"07/13","II/4:",NA,NA,NA
"881",1402,"07/13","II/4:",NA,NA,NA
"882",1403,"07/13","II/4:",NA,NA,NA
"883",1404,"07/13","II/4:",NA,NA,NA
"884",1405,"07/13","II/4:",NA,NA,NA
"885",1406,"07/13","II/4:",NA,NA,NA
"886",1407,"07/13","II/4:",NA,NA,NA
"887",1408,"07/13","II/4:",NA,NA,NA
"888",1409,"07/13","II/4:x",NA,NA,NA
"889",1410,"07/13","II/4:",NA,NA,NA
"890",1411,"07/13","II/4:",NA,NA,NA
"891",1412,"07/13","II/4:",NA,NA,NA
"892",1413,"07/13","II/4:",NA,NA,NA
"893",1414,"07/13","II/4:",NA,NA,NA
"894",1415,"07/13","II/4:",NA,NA,NA
"895",1416,"07/13","II/4:",NA,NA,NA
"896",1417,"07/13","II/4:",NA,NA,NA
"897",1418,"07/13","II/4:",NA,NA,NA
"898",1419,"07/13","II/4:",NA,NA,NA
"899",1420,"07/13","II/4:",NA,NA,NA
"900",1421,"07/13","II/4:",NA,NA,NA
"901",1422,"07/13","II/4:",NA,NA,NA
"902",1423,"07/13","II/4:",NA,NA,NA
"903",1424,"07/13","II/4:",NA,NA,NA
"904",1425,"07/13","II/4:",NA,NA,NA
"905",1426,"07/13","II/4:",NA,NA,NA
"906",1427,"07/13","II/4:",NA,NA,NA
"907",1428,"07/13","II/4:",NA,NA,NA
"908",1429,"07/13","II/4:",NA,NA,NA
"909",1430,"07/13","II/4:",NA,NA,NA
"910",1431,"07/13","II/4:",NA,NA,NA
"911",1432,"07/13","II/4:",NA,NA,NA
"912",1433,"07/13","II/4:x",NA,NA,NA
"913",1434,"07/13","II/4:",NA,NA,NA
"914",1435,"07/13","II/4:",NA,NA,NA
"915",1436,"07/13","II/4:",NA,NA,NA
"916",1437,"07/13","II/4:",NA,NA,NA
"917",1438,"07/13","II/4:",NA,NA,NA
"918",1439,"07/13","II/4:",NA,NA,NA
"919",1440,"07/13","II/4:",NA,NA,NA
"920",1441,"07/13","II/4:",NA,NA,NA
"921",1442,"07/13","II/4:",NA,NA,NA
"922",1443,"07/13","II/4:",NA,NA,NA
"923",1444,"07/13","II/4:",NA,NA,NA
"924",1445,"07/13","II/4:",NA,NA,NA
"925",1446,"07/13","II/4:",NA,NA,NA
"926",1447,"07/13","II/4:",NA,NA,NA
"927",1448,"07/13","II/4:",NA,NA,NA
"928",1449,"07/13","II/4:",NA,NA,NA
"929",1450,"07/13","II/4:",NA,NA,NA
"930",1451,"07/13","II/4:",NA,NA,NA
"931",1452,"07/13","II/4:",NA,NA,NA
"932",1453,"07/13","II/4:",NA,NA,NA
"933",1454,"07/13","II/4:",NA,NA,NA
"934",1455,"07/13","II/4:",NA,NA,NA
"935",1456,"07/13","II/4:",NA,NA,NA
"936",1457,"07/13","II/4:",NA,NA,NA
"937",1458,"07/13","II/4:",NA,NA,NA
"938",1459,"07/13","II/4:",NA,NA,NA
"939",1460,"07/13","II/4:",NA,NA,NA
"940",1461,"07/13","II/4:",NA,NA,NA
"941",1462,"07/13","II/4:",NA,NA,NA
"942",1463,"07/13","II/4:",NA,NA,NA
"943",1464,"07/13","II/4:",NA,NA,NA
"944",1465,"07/13","II/4:",NA,NA,NA
"945",1466,"07/13","II/4:",NA,NA,NA
"946",1467,"07/13","II/4:",NA,NA,NA
"947",1468,"07/13","II/4:",NA,NA,NA
"948",1469,"07/13","II/4:",NA,NA,NA
"949",1470,"07/13","II/4:",NA,NA,NA
"950",1471,"07/13","II/4:",NA,NA,NA
"951",1472,"07/13","II/4:",NA,NA,NA
"952",1473,"07/13","II/4:",NA,NA,NA
"953",1474,"07/13","II/4:",NA,NA,NA
"954",1475,"07/13","II/4:",NA,NA,NA
"955",1476,"07/13","II/4:",NA,NA,NA
"956",1477,"07/13","II/4:",NA,NA,NA
"957",1478,"07/13","II/4:",NA,NA,NA
"958",1479,"07/13","II/4:",NA,NA,NA
"959",1480,"07/13","II/4:",NA,NA,NA
"960",1481,"07/13","II/4:",NA,NA,NA
"961",1482,"07/13","II/4:",NA,NA,NA
"962",1483,"07/13","II/4:",NA,NA,NA
"963",1484,"07/13","II/4:",NA,NA,NA
"964",1485,"07/13","II/4:",NA,NA,NA
"965",1486,"07/13","II/4:",NA,NA,NA
"966",1487,"07/13","II/4:",NA,NA,NA
"967",1488,"07/13","II/4:",NA,NA,NA
"968",1489,"07/13","II/4:",NA,NA,NA
"969",1490,"07/13","II/4:",NA,NA,NA
"970",1491,"07/13","II/4:",NA,NA,NA
"971",1492,"07/13","II/4:",NA,NA,NA
"972",1493,"07/13","II/4:",NA,NA,NA
"973",1494,"07/13","II/4:",NA,NA,NA
"974",1495,"07/13","II/4:",NA,NA,NA
"975",1496,"07/13","II/4:",NA,NA,NA
"976",1497,"07/13","II/4:",NA,NA,NA
"977",1498,"07/13","II/4:",NA,NA,NA
"978",1499,"07/13","II/4:",NA,NA,NA
"979",1500,"07/13","II/4:",NA,NA,NA
"980",1501,"07/13","II/4:",NA,NA,NA
"981",1502,"07/13","II/4:",NA,NA,NA
"982",1503,"07/13","II/4:",NA,NA,NA
"983",1504,"07/13","II/4:",NA,NA,NA
"984",1505,"07/13","II/4:",NA,NA,NA
"985",1506,"07/13","II/4:",NA,NA,NA
"986",1507,"07/13","II/4:",NA,NA,NA
"987",1508,"07/13","II/4:",NA,NA,NA
"988",1509,"07/13","II/4:",NA,NA,NA
"989",1510,"07/13","II/4:",NA,NA,NA
"990",1511,"07/13","II/4:",NA,NA,NA
"991",1512,"07/13","II/4:",NA,NA,NA
"992",1513,"07/13","II/4:",NA,NA,NA
"993",1514,"07/13","II/4:",NA,NA,NA
"994",1515,"07/13","II/4:",NA,NA,NA
"995",1516,"07/13","II/4:",NA,NA,NA
"996",1517,"07/13","II/4:x",NA,NA,NA
"997",1518,"07/13","II/4:",NA,NA,NA
"998",1519,"07/13","II/4:",NA,NA,NA
"999",1520,"07/13","II/4:",NA,NA,NA
"1000",1521,"07/13","II/4:",NA,NA,NA
"1001",1522,"07/13","II/4:",NA,NA,NA
"1002",1523,"07/13","II/4:",NA,NA,NA
"1003",1524,"07/13","II/4:",NA,NA,NA
"1004",1525,"07/13","II/4:",NA,NA,NA
"1005",1526,"07/13","II/4:",NA,NA,NA
"1006",1527,"07/13","II/4:x",NA,NA,NA
"1007",1528,"07/13","II/4:",NA,NA,NA
"1008",1529,"07/13","II/4:",NA,NA,NA
"1009",1530,"07/13","II/4:",NA,NA,NA
"1010",1531,"07/13","II/4:",NA,NA,NA
"1011",1532,"07/13","II/4:",NA,NA,NA
"1012",1533,"07/13","II/4:",NA,NA,NA
"1013",1534,"07/13","II/4:",NA,NA,NA
"1014",1535,"07/13","II/4:x",NA,NA,NA
"1015",1536,"07/13","II/4:",NA,NA,NA
"1016",1537,"07/13","II/4:",NA,NA,NA
"1017",1538,"07/13","II/4:",NA,NA,NA
"1018",1539,"07/13","II/4:",NA,NA,NA
"1019",1540,"07/13","II/4:",NA,NA,NA
"1020",1541,"07/13","II/4:",NA,NA,NA
"1021",1542,"07/13","II/4:",NA,NA,NA
"1022",1543,"07/13","II/4:",NA,NA,NA
"1023",1544,"07/13","II/4:",NA,NA,NA
"1024",1545,"07/13","II/4:",NA,NA,NA
"1025",1546,"07/13","II/4:",NA,NA,NA
"1026",1547,"07/13","II/4:",NA,NA,NA
"1027",1548,"07/13","II/4:",NA,NA,NA
"1028",1549,"07/13","II/4:",NA,NA,NA
"1029",1550,"07/13","II/4:",NA,NA,NA
"1030",1551,"07/13","II/4:",NA,NA,NA
"1031",1552,"07/13","II/4:",NA,NA,NA
"1032",1553,"07/13","II/4:",NA,NA,NA
"1033",1554,"07/13","II/4:",NA,NA,NA
"1034",1555,"07/13","II/4:",NA,NA,NA
"1035",1556,"07/13","II/4:",NA,NA,NA
"1036",1557,"07/13","II/4:",NA,NA,NA
"1037",1558,"07/13","I/1:x",NA,NA,NA
"1038",1559,"07/13","I/1:x",NA,NA,NA
"1039",1560,"07/13","I/1:37",NA,NA,NA
"1040",1561,"07/13","I/1:",NA,NA,NA
"1041",1562,"07/13","I/1:",NA,NA,NA
"1042",1563,"07/13","I/1:",NA,NA,NA
"1043",1564,"07/13","I/1:",NA,NA,NA
"1044",1565,"07/13","I/1:",NA,NA,NA
"1045",1566,"07/13","I/1:",NA,NA,NA
"1046",1567,"07/13","I/1:",NA,NA,NA
"1047",1568,"07/13","I/1:",NA,NA,NA
"1048",1569,"07/13","I/1:",NA,NA,NA
"1049",1570,"07/13","I/1:",NA,NA,NA
"1050",1571,"07/13","I/1:",NA,NA,NA
"1051",1572,"07/13","I/1:",NA,NA,NA
"1052",1573,"07/13","I/1:",NA,NA,NA
"1053",1574,"07/13","I/1:",NA,NA,NA
"1054",1575,"07/13","I/1:",NA,NA,NA
"1055",1576,"07/13","I/1:",NA,NA,NA
"1056",1577,"07/13","I/1:",NA,NA,NA
"1057",1578,"07/13","I/1:",NA,NA,NA
"1058",1579,"07/13","I/1:",NA,NA,NA
"1059",1580,"07/13","I/1:",NA,NA,NA
"1060",1581,"07/13","I/1:",NA,NA,NA
"1061",1582,"07/13","I/1:",NA,NA,NA
"1062",1583,"07/13","I/1:",NA,NA,NA
"1063",1584,"07/13","II/3a:",NA,NA,NA
"1064",1585,"07/13","II/3a:",NA,NA,NA
"1065",1586,"07/13","II/3a:",NA,NA,NA
"1066",1587,"07/13","II/3a:",NA,NA,NA
"1067",1588,"07/13","II/3a:",NA,NA,NA
"1068",1589,"07/13","I/7:1",NA,NA,NA
"1069",1590,"07/13","I/7:2",NA,NA,NA
"1070",1591,"07/13","I/7:3",NA,NA,NA
"1071",1592,"07/13","I/7:4",NA,NA,NA
"1072",1593,"07/13","I/7:5",NA,NA,NA
"1073",1594,"07/13","I/7:6",NA,NA,NA
"1074",1595,"07/13","I/4:2",NA,NA,NA
"1075",1596,"07/13","I/4:3",NA,NA,NA
"1076",1597,"07/13","I/4:4",NA,NA,NA
"1077",1598,"07/13","I/4:11",NA,NA,NA
"1078",1599,"07/13","I/4:8",NA,NA,NA
"1079",1600,"07/13","I/4:9",NA,NA,NA
"1080",1601,"07/13","I/4:12",NA,NA,NA
"1081",1602,"07/13","I/4:6",NA,NA,NA
"1082",1603,"07/13","I/4:5",NA,NA,NA
"1083",1604,"07/13","I/4:7",NA,NA,NA
"1084",1605,"07/13","I/4:10",NA,NA,NA
"1085",1606,"07/13","I/4:13",NA,NA,NA
"1086",1607,"07/13","II/4:83",NA,NA,NA
"1087",1608,"07/13","II/3a:14",NA,NA,NA
"1088",1609,"07/13","II/3a:25",NA,NA,NA
"1089",1610,"07/13","I/3:",NA,NA,NA
"1090",1611,"07/13","I/3:",NA,NA,NA
"1091",1612,"07/13","I/3:",NA,NA,NA
"1092",1613,"07/13","I/3:",NA,NA,NA
"1093",1614,"07/13","I/3:",NA,NA,NA
"1094",1615,"07/13","I/3:",NA,NA,NA
"1095",1616,"07/13","I/3:",NA,NA,NA
"1096",1617,"07/13","I/3:",NA,NA,NA
"1097",1618,"07/13","I/3:",NA,NA,NA
"1098",1619,"07/13","II/2b:",NA,NA,NA
"1099",1620,"07/13","II/2b:",NA,NA,NA
"1100",1621,"07/13","II/2b:",NA,NA,NA
"1101",1622,"07/13","II/2b:",NA,NA,NA
"1102",1623,"07/13","II/2b:",NA,NA,NA
"1103",1624,"07/13","II/2b:",NA,NA,NA
"1104",1625,"07/13","II/2b:",NA,NA,NA
"1105",1626,"07/13","II/2b:",NA,NA,NA
"1106",1627,"07/13","I/7:",NA,NA,NA
"1107",1628,"07/13","I/4:",NA,NA,NA
"1108",1629,"07/13","II/3a:",NA,NA,NA
"1109",1630,"07/13","I/1:",NA,NA,NA
"1110",1631,"07/13","I/1:",NA,NA,NA
"1111",1632,"07/13","II/4:",NA,NA,NA
"1112",1633,"07/13","II/3b:",NA,NA,NA
"1113",1634,"07/13","I/5:",NA,NA,NA
"1114",1635,"07/11","I/3:1",NA,NA,NA
"1115",1636,"07/11","II/2b:175",NA,NA,NA
"1116",1637,"07/11","II/2b:235",NA,NA,NA
"1117",1638,"07/13","I/PV:3",NA,NA,NA
"1118",1639,"07/13","I/PV:4",NA,NA,NA
"1119",1640,"07/13","I/PV:5",NA,NA,NA
"1120",1641,"07/13","I/PV:",NA,NA,NA
"1121",1642,"07/11","II/2b:",NA,NA,NA
"1122",1643,"07/11","II/2b:",NA,NA,NA
"1123",1644,"07/11","II/2c:",NA,NA,NA
"1124",1645,"07/13","II/2a+2b:",NA,NA,NA
"1125",1646,"07/13","II/3b:",NA,NA,NA
"1126",1647,"07/13","I/6:",NA,NA,NA
"1127",1648,"07/13","II/4:205",NA,NA,NA
"1128",1649,"07/13","II/4:206",NA,NA,NA
"1129",1650,"07/13","II/4:207",NA,NA,NA
"1130",1651,"07/13","II/4:208",NA,NA,NA
"1131",1652,"07/13","II/4:209",NA,NA,NA
"1132",1653,"07/13","II/4:210",NA,NA,NA
"1133",1654,"07/13","II/4:13",NA,NA,NA
"1134",1655,"07/13","I/1:209",NA,NA,NA
"1135",1656,"07/2","/I-1:21",NA,"2",NA
"1136",1657,"07/1","/II-1:10, 89, 91, 97, 99, 102, II-2:32, 88","A","1",NA
"1137",1658,"07/2","/II-2:8, II-3: 51, 59, 66",NA,"2",NA
"1138",1659,"07/2","/I-1:1, 2, 27, 33, II-3:55",NA,"2",NA
"1139",1660,"07/2","/II-3:34",NA,"2",NA
"1140",1661,"07/2","/II-1:1, II-2:1 usw.",NA,"2","2d"
"1141",1662,"07/1","/I-4:57-...",NA,"1",NA
"1142",1663,"07/1","/I-3:1-11",NA,"1",NA
"1143",1664,"07/1","/II-1:9, 86, 93","A","1",NA
"1144",1665,"07/2","/I-3:54, II-2:11, II-4:14",NA,"2","1c"
"1145",1666,"07/1","/I-1:versch",NA,"1",NA
"1146",1667,"07/1","/II-1:versch",NA,"1",NA
"1147",1668,"07/1","/I-2:versch",NA,"1",NA
"1148",1669,"07/1","/II-3:versch",NA,"1",NA
"1149",1670,"07/1","/II-2:versch",NA,"1",NA
"1150",1671,"07/1","/II-4:versch",NA,"1",NA
"1151",1672,"07/2","/II-2:versch",NA,"2",NA
"1152",1673,"07/2","/I-3:versch",NA,"2",NA
"1153",1674,"07/2","/II-1:versch",NA,"2",NA
"1154",1675,"07/2","/I-2:versch",NA,"2",NA
"1155",1676,"07/2","/II-3:versch",NA,"2",NA
"1156",1678,"07/2","/II-4:versch",NA,"2",NA
"1157",1679,"07/2","/I-4:versch",NA,"2",NA
"1158",1680,"07/2","/II-3:versch",NA,"2",NA
"1159",1681,"07/2","/II-1:versch",NA,"2",NA
"1160",1682,"07/2","/I-3:versch",NA,"2",NA
"1161",1683,"07/2","/I-2:versch",NA,"2",NA
"1162",1684,"07/2","/II-2:versch",NA,"2",NA
"1163",1685,"07/2","/II-2:5",NA,"2","1c"
"1164",1686,"07/2","/II-2:6",NA,"2",NA
"1165",1687,"07/2","/I-1:versch",NA,"2",NA
"1166",1688,"07/2","/I-1:22-23",NA,"2",NA
"1167",1689,"07/2","/II-3:versch",NA,"2",NA
"1168",1690,"07/2","/II-3:56",NA,"2",NA
"1169",1691,"07/1","/II-4:35-37,41","1-2","1","1c"
"1170",1692,"07/10","/II-2:1",NA,"10-1",NA
"1171",1693,"07/10","/II-1:versch",NA,"10-1",NA
"1172",1694,"07/7"," -7:43-44",NA,"7-1",NA
"1173",1695,"07/7","-6:versch",NA,"7-1",NA
"1174",1696,"07/7","-8:versch",NA,"7-1",NA
"1175",1697,"07/7","-8:11",NA,"7-1",NA
"1176",1698,"07/7"," -8:7-8",NA,"7-1",NA
"1177",1699,"07/7","-8:9",NA,"7-1",NA
"1178",1700,"07/7","-8:6",NA,"7-1",NA
"1179",1701,"07/7","-8:versch",NA,"7-1",NA
"1180",1702,"07/12","/II-3:versch",NA,"12",NA
"1181",1703,"07/12","/II-2:versch",NA,"12",NA
"1182",1704,"07/12","/II-1:versch",NA,"12",NA
"1183",1705,"07/12","/I-0:versch",NA,"12",NA
"1184",1706,"07/109","1, 5, 8, 10",NA,"95","2d"
"1185",1707,"07/109","14",NA,"95","1a"
"1186",1708,"07/109","versch",NA,"95",NA
"1187",1709,"07/110","1,3",NA,"95",NA
"1188",1710,"07/110","5",NA,"95","1"
"1189",1711,"07/110","7",NA,"95","1"
"1190",1712,"07/110","versch",NA,"95",NA
"1191",1714,"07/106","1",NA,"95",NA
"1192",1715,"07/106","2",NA,"95",NA
"1193",1716,"07/95","versch",NA,"95",NA
"1194",1717,"07/1","G (1)",NA,"1","5"
"1195",1718,"07/7","-7:195",NA,"7-1","1a"
"1196",1719,"07/7","-6:versch",NA,"7-1",NA
"1197",1720,"07/7","-6:versch",NA,"7-1",NA
"1198",1721,"07/7","-1:versch",NA,"7-1",NA
"1199",1722,"07/7","-7:197",NA,"7-1",NA
"1200",1723,"07/7","-6:7",NA,"7-1",NA
"1201",1724,"07/7","-4:versch",NA,"7-1",NA
"1202",1725,"07/6","-2",NA,"6",NA
"1203",1726,"07/6","-1",NA,"6",NA
"1204",1727,"07/6","-0",NA,"6",NA
"1205",1728,"07/6","'-1:G4","G4","6","1a"
"1206",1729,"07/4","'-1:26-38","G2","4","1a"
"1207",1730,"07/4","'-1:47-49","G3","4",NA
"1208",1731,"05/101","1",NA,"95","2d"
"1209",1732,"07/2","/I-1:4 usw.",NA,"2","3c"
"1210",1733,"07/3","-1:370 usw.",NA,"3-1","1a"
"1211",1734,"07/3","-1:386 usw","3-8","3-1","1a"
"1212",1735,"07/95","161-162",NA,"95","1a"
"1213",1736,"07/95","179,295, usw.",NA,"95","2d"
"1214",1737,"07/95","versch",NA,"95",NA
"1215",1738,"07/4","-1:versch",NA,"4",NA
"1216",1739,"07/5","-0:versch",NA,"5",NA
"1217",1740,"07/5","-1:17",NA,"5",NA
"1218",1741,"07/7","8-2:4-5",NA,"7-1",NA
"1219",1742,"07/7","8-3:66",NA,"7-1",NA
"1220",1743,"07/9","-1:versch",NA,"9",NA
"1221",1744,"07/9","-2:versch",NA,"9",NA
